AAAG Alan and Anita Gillogly
AAFC see CNC
AAPI Canada, Alberta, Edmonton, Alberta Agriculture, Plant Industry Laboratory
ABC Arvids Barsevskis
ABCB Alberto Ballerio
ABS USA, Florida, Lake Placid, Archbold Biological Station
ABTS Andrew B.T. Smith
ACBC Canada, British Columbia, Summerland, Agriculture Canada Research Station
ACBV Canada, British Columbia, Vancouver, Agriculture Canada Research Station, The Aphids of British Columbia
ACE Egypt, Cairo, Egyptian Natural History Mumseum, Arachnid Collection of Egypt
ACLC Angelica Ma. Corona Lopez
ACNB Canada, New Brunswick, Fredericton, Agriculture Canada Research Station
ACNS Canada, Nova Scotia, Kentville, Agriculture Canada Nova Scotia
ACPC Andre Cajar
ACPE Canada, Prince Edward Island, Chrolottetown, Agriculture Canada Prince Edward Island
ACRM see JBWM
ACSK see ACNS
ADMC Alan D. Mudge
ADSH India, Kerala, Cochin, Sacred Heart College, Arachnology Division
AEIC USA, Florida, Gainesville, American Entomological Institute
AESB India, Bogar, Agriculture Experiment Station
AFBC Andrew F. Beck
AFLC Alvin F. Ludtke
AFSDU Turkey, Isparta, Suleyman Demirel University, Agricultural Faculty
AGRL Canada, Alberta, Lethbridge, Lethbridge Research Station
AHBC USA, Utah, St. George, Dixie College
AHBS Allen H. Benton
AHCC see ARHC
AJKC Alfred J. Kistler 
AKDOF USA, Alaska, Anchorage, Alaksa State Department of Natural Resources, Division of Forestry
AKPC Andreas Kleeberg
ALBH Arno L. van Berge Henegoueven
ALRC see RLAC
AMCL Brazil, Amapa, Macapa, Museu Territorial de Historia Natural "Angelo Moreira da Costa Lima"
AME see FSMC
AMG see AMGS
AMGS South Africa, Cape Province, Grahamstown, Albany Museum
AMIC Antonio Martinez
AMMM see MMKZ
AMMS China, Beijing, Academy of Military Medical Sciences, Institute of Microbiology and Epidemiology
AMNH USA, New York, New York, American Museum of Natural History
AMNZ New Zealand, Auckland, Auckland Institute and Museum
ANPC Alexander Napolov
AMS Australia, New South Wales, Sydney, Australian Museum
AMSA see AMS
AMUZ India, Uttar Pradesh, Aligarh, Aligarh Muslim University
ANCB Bolivia, La Paz, Museo Nacional de Historia Natural
ANFM Italy, Forli, Associazione Naturalisti Forlivesi Pro Museo/td>
ANDC Annie Dozier
ANIC Australia, Australian Capital Territory, Canberra City, CSIRO, Australian National Insect Collection
ANLE Andrew Neild
ANLW Austria, Wien, Amt Der Niederoesterreichischen Landsregierung
ANMT Alfred F. Newton & Margaret K. Thayer (going to FMNH)
ANSP USA, Pennsylvania, Philadelphia, Academy of Natural Sciences
APEI Canada, Prince Edward Island, Charlottetown, Agriculture Canada Research Station
APHI USA, Maryland, Baltimore, U.S. Department of Agriculture, Animal and Plant Health Inspection Service
APMJ Japan, Aomori Prefecture, Aomori Prefectural Museum
ARCC Anthony Ross 
ARCM Canada, New Brunswick, St.Andrews, Huntsman Marine Science Centre, Atlantic Reference Centre
ARER Italy, Roma, Associazione Romana di Entomologia
ARHC Alan R. Hardy
ARMC Andrew R. Moldenke
ARSC Arthur R. Strong
ASAY Armenia, Yerevan, Academy of Science of Armenia
ASBE Arnfried Schwartz
ASCU Australia, New South Wales, Orange, Orange Agricultural Institute, Agricultural Scientific Collections Unit
ASPC Arnd Schroeder
ASUA Egypt, Cairo, Ain Shams University
ASUT USA, Arizona, Tempe, Arizona State University, Frank M. Hasbrouck Insect Collection
AUA see AUEM
AUBL Lebanon, Beirut, University of Beirut, Museum of Natural History
AUCE Egypt, Cairo, El Azhar University
AUEM USA, Alabama, Auburn, Auburn University
AUTC see EMET
AUW see LEW
AVEC Arthur V. Evans -- see LACM
BAAC Algeria, Beni Abbes, Musee de Beni Abbes
BAFC Benjamin A. Foote
BAU see CAU
BAUC see CAU
BBM see BPBM
BBNP USA, Texas, Big Bend, Big Bend National Park
BCCC Bruce Cutler, see Ronald L. Huber RLHI
BCPM see RBCM
BCRC Brett C. Ratcliffe
BCSC B. Christian Schmidt
BCUZ Spain, Leioa, Basque Country University, Laboratory of Zoology
BCWL Italy, Roma, Biological Control of Weeds Laboratory-Europe
BDLU Canada, Ontario, Sudbury, Laurentian University
BDMU Canada, Ontario, Hamilton, McMaster University
BDUC Canada, Alberta, Calgary, University of Calgary
BDUW Canada, Ontario, Waterloo, University of Waterloo
BDVC Barry D. Valentine
BDWC Canada, Ontario, Windsor, University of Windsor
BDWL Canada, Ontario, Waterloo, Wilfred Laurier University
BENH United Kingdom, London, British Entomological and Natural History Society
BESM Malawi, Limbe, Bvumbwe Experiment Station
BFBI Austria, Illmitz, Biologisches Forschunsstation Burgenland
BFIC France, Brunoy, Museum National d'Histoire Naturelle
BFUS Bulgaria, Sofia, University of Sofia, Biology Faculty
BHLC Benjamin Landing
BHMH Brazil, Minas Gerais, Belo Horizonte, Universidade Federal de Minas Gerais, Museu de Historia Natural
BHPC Brian H. Patrick
BIDA USA, Idaho, Boise, Boise State University
BIPB Barbara I. P. Barratt
BIRD Charles Bird
BJSC Billy J. Smith
BLCU USA, Utah, Logan, Utah State University, Bee Biology and Systematics Laboratory
BLGA Austria, Eisenstadt, Burgenlandisches Landesmuseum
BLPC Brian Lyford
BMB see BMBN
BMBN United Kingdon, Brighton, Booth Museum of Natural History
BMDC Bastiaan M. Drees
BMGB Barbados, St. Ann's Garrison, Barbados Museum and Historical Society
BMHP Bermuda, Hamilton, Bermuda Department of Agriculture and Fisheries
BMIC Bryant Mather
BMKB Brunei, Kota Baru, Brunei Museum
BMNH United Kingdom, London, The Natural History Museum [formerly British Museum (Natural History)]
BMSA South Africa, Bloemfontein, National Museum Bloemfontein
BMSC USA, New York, Buffalo, Buffalo Museum of Science
BMUK United Kingdom, Bolton, Bolton Museum
BMUW see UWBM
BNHD India, West Bengal, Darjeeling, Bengal Natural History Museum
BNHS India, Maharashtra, Bombay, Bombay Natural History Society
BORN Malaysia, Sabah, Kota Kinabalu, Institute for Tropical Biology and Conservation, Borneensis
BPBM USA, Hawaii, Honolulu, Bernice P. Bishop Museum
BPCS Bauckhorn personal collection, Siegburg, Germany
BSNH USA, Massachusetts, Boston, Boston Society of Natural History
BSTC Barney Streit
BURP USA, Illinois, Rockford, Burpee Museum of Natural History
BYU USA, Utah, Provo, Brigham Young University, Monte L. Bean Life Science Museum
BYUC see BYU
CACH Mexico, Chiapas, Universidad Autonoma de Chiapas, Faculdad de Ciencias Agronomicas
CAES USA, Connecticut, New Haven, Connecticut Agriculture Experiment Station
CAFQ Andre Francoeur
CARD Barbados, St. Thomas, Caribbean Agricultural Research Institute
CARE Trinidad and Tobago, Port of Spain, Caribbean Epidemiology Centre
CARS Surinam, Paramaribo, University of Surinam, Center for Agricultural Research
CAS USA, California, San Francisco, California Academy of Sciences
CASC see CAS
CASD Canada, Alberta, Edmonton, Canadian On-line Spider Database
CASM USA, Illinois, Chicago, Chicago Academy of Sciences, Museum of Natural History
CAU China, Beijing, China Agricultural University
CBFC Bolivia, La Paz, Coleccion Boliviana de Fauna
CBM Bernhard Merz
CBU Canada, Nova Scotia, Sydney, Cape Breton University
CCAC Brazil, Ceara, Fortaleza, Universidade Federal do Ceara, Centro Ciencias Agrarias
CCC Caroline Chaboo Collection
CCCC USA, Wisconsin, Kenosha, Carthage College
CCCZ Malawi, Zomba, University of Malawi
CCFL Chad, Fort Lamy, Chad National Museum
CCMNH USA, Massachusetts, Brewster, Cape Cod Museum of Natural History
CCNP USA, New Mexico, Carlsbad, Carlsbad Caverns National Park
CCPC Charles C. Porter
CCUF Brazil, Alagoas, Maceio, Universidade Federal de Alagoas, Centro de Ciencias Biologicas
CDAE see CSCA
CDFA see CSCA
CDRS Ecuador, Galapagos Islands, Santa Cruz, Puerto Ayora, Charles Darwin Research Station, Invertebrate Collection
CEAM Mexico, Montecillo, Centro de Entomologica y Acarologia
CEEF Honduras, Siguatepeque, Escuela Nacional de Ciencias Forestales
CEET Mexico, Chiapas, Tapachula, El Colegio de la Frontera Sur, Colleccion de Insectos Asociados a Plantas Cultivadas en la Frontera Sur
CELM Colombia, Bogota, Coleccion Entomologica "Luis Maria Murillo"
CEMU see CLEV
CENA Nicaragua, Managua, Centro Nacional de Proteccion Vegetal
CENG Nicaragua, Nueva Guinea, Zelaya, Centro Experimental de Nueva Guinea
CEST Trinidad and Tobago, Centeno, Central Experiment Station
CEWC Charles E. White [deceased], see FSCA
CFRB China, Beijing, Chinese Academy of Forestry, Forest Research Institute
CFUA Chile, Valdivia, Universidad Austral de Chile
CFZC Charles F. Zieger
CGEC China, Guangdong, Guangzhou, China Entomological Research Institute
CGMC Christopher C. Majka
CGNZ C. J. Green
CHAH Henry A. Hespenheide
CHIC Christopher Hair
CIAN Mexico, Sonora, Ciudad Obregon, Centro de Investigaciones Agricolas Nortoeste
CIBC Trinidad and Tobago, Curepe, International Institute of Biological Control
CICA see IDEA
CICESE Mexico, Baja California, Ensenada, Centro de Investigacion Cientifica y de Educacion Superior de Ensenada
CIDA USA, Idaho, Caldwell, College of Idaho, Museum of Natural History
CIES Mexico, Chiapas, San Cristobal de las Casas, Centro de Investigaciones Ecologicas del Sureste
CIJC Romania, Judetul Covasna, Muzeului Judetean Covasna, Collection of Insects
CISC USA, California, Berkeley, California Insect Survey see EMEC
CISM USA, Michigan, Bloomfield Hills, Cranbrook Institute of Science
CIUC Italy, Calci, Centro Interdipartimentale dell'Universita Museo di Storia Naturale e del Territorio
CJSC James S. Cope
CKSC Christopher K. Starr
CKSF Charles Kristenren
CLBC Charles L. Bellamy--affiliated with CSCA
CLCC Canada, Alberta, Camrose, Camrose Lutheran College
CLEV USA, Ohio, Cleveland, Cleveland Museum of Natural History
CLMP Australia, Western Australia, Como, Department of Conservation & Land Management
CLNP USA, Oregon, Crater Lake, Crater Lake National Park
CLSJ C. L. Staines, Jr.
CMB see CMBK
CMBK United Kingdom, Bristol, The City Museum and Art Gallery, Department of Natural History
CMC see CMNZ
CMEI USA, Florida, Leesburg, Clements' Museum of Exotic Insects
CMIC Japan, Chiba, Chiba Museum and Institute
CMNH USA, Pennsylvania, Pittsburgh, Carnegie Museum of Natural History
CMNC Canada, Ottawa, Canadian Museum of Nature
CMNS China, Shanghai, Shanghai, Museum of Natural History
CMNZ New Zealand, Christchurch, Canterbury Museum
CMP see CMNH
CMSC USA, Tennessee, Nashville, Cumberland Museum and Science Center
CMSK United Kingdom, Sheffield, City Museum
CNC Canada, Ontario, Ottawa, Canadian National Collection of Insects
CNCI see CNC
CNHM USA, Ohio, Cincinnati, Cincinnati Museum of Natural History
CNHP China, Beijing, Beijing Natural History Museum
CNHS United Kingdom, South Croydon, Croydon Natural History and Scientific Society
CNIN Mexico, Distrito Federal, Ciudad Universaria, Coleccion Nacional de Insectos
CNM see CNMS
CNMC USA, Colorado, Fruita, Colorado National Monument
CNMS Sri Lanka, Colombo, National Museum
CNPS Brazil, Parana, EMBRAPA, Centro Nacional de Pesquisas da Soja
CNSM see CEMU
CNUIC South Korea, Daejeon, Chungnam National University, Insect Collection
CPAC Brazil, Distrito Federal, Planaltina, EMBRAPA, Centro de Pesquisas Agropecuarias do Cerrado
CPAP Brazil, Para, Belem, Centro de Pesquisas Agropecuarias do Tropico Umido
CPDC Brazil, Bahia, Itabuna, Centro de Pesquisas do Cacau
CPFA P and F Arnaud
CPMM Mozambique, Lourenco Marques, Dr. Alvaro de Castro Provincial Museum
CPQC see ULQC
CPUP USA, California, Pomona, California Polytechnic University
CSCA USA, California, Sacramento, California State Collection of Arthropods
CSCC USA, Nebraska, Chadron, Chadron State College
CSDA see CSCA
CSDS USA, California, Baker, Desert Studies Center
CSIR see ANIC
CSGT Italy, Torino, Collegio San Giuseppe
CSLB USA, California, Long Beach, California State University at Long Beach
CSLC C. S. Lawson
CSUC USA, Colorado, Fort Collins, Colorado State University
CTAM see UHM
CTPC Carl T. Parsons [deceased], see UVCC
CU see CUIC
CUAC USA, South Carolina, Clemson, Clemson University
CUCC see CUAC
CUE Egypt, Cairo, Cairo University
CUGE see CUE
CUIC USA, New York, Ithaca, Cornell University
CUMZ United Kingdom, Cambridge, University, Museum of Zoology
CUWM USA, Massachusetts, Worcester, Clark University
CVCJ Charles Van Orden Covell, Jr.
CWOB Charles W. O'Brien
CWRC Carl W. Rettenmeyer
CZAA Argentina, Mendoza, Universidad Nacional de Cuyo, Catedra de Zoologia Agricola
CZUG Mexico, Jalisco, Guadalajara, Universidad de Guadalajara, Centro de Estudios en Zoologia, Entomologia
DABUH Finland, Helsinki, University of Helsinki, Department of Applied Biology
DABZ Zimbabwe, Bulawayo, Department of Agriculture
DACL Canada, Ontario, London, London Research Centre
DADC D. Allen Dean
DAFB see BMHP
DAFH Hong Kong, New Territories, Sheung Shui, Department of Agriculture and Fisheries
DAM Douglas Allan Macaulay
DAL Canada, Nova Scotia, Halifax, Dalhousie University
DALC Delbert A. La Rue
DAPC Darren A. Pollock
DAWC Donald A. Wilson
DBAI Brazil, Distrito Federal, Brasilia, Universidade de Brasilia, Instituto de Ciencias Biologicas
DBAU Brazil, Rio de Janeiro, Rio de Janeiro, Universidade Santa Ursula
DBPC Dimitar Bechev
DBRC David B. Richman
DBSE Brazil, Sergipe, Aracaju, Universidade Federale Sergipe
DBTC Donald B. Thomas
DBUM see QMOR
DCBU Brazil, Sao Paulo, Sao Carlos, Universidade Federal de Sao Carlos
DCDS Italy, Pisa, Dipartimento di Coltivazione e Difesa delle Specie Legnose dell'Universita, Sezione Entomologia Agraria
DCLG D. C. L. Gosling 
DCMB Brazil, Amazonas, Manaus, Universidade do Amazonas
DCMC David C. Miller [deceased]
DCMD UK, Derby, Derby City Museum and Art Gallery
DCMP Brazil, Parana, Curitiba, Universidade Federal do Parana
DCPC Dominicus Cyrillus [deceased]
DCTC David C. Taylor
DDFF Brazil, Sao Paulo, Jaboticabal, Departamento de Defensa Fitossanitarista
DEBU Canada, Ontario, Guelph, University of Guelph
DEES Brazil, Sao Paulo, Piracicaba, Universidade de Sao Paulo
DEFS Brazil, Sao Paulo, Universidade de Sao Paulo, Escuela Superior de Agricultura Luiz de Quieroz, Departmento de Entomologia
DEI Germany, Muencheberg, Deutsches Entomologisches Institut im ZALF
DEIC see DEI
DENH USA, New Hampshire, Durham, University of New Hampshire
DEPAUW USA, Indiana, Greencastle, Depauw University
DERC Donald E. Rich 
DEUN see UNSM
DEUS Suriname, Paramaribo, University of Suriname, Department of Entomology
DEZA Italy, Portici, Dipartimento di Entomologia e Zoologia Agraria dell'Universita
DEZC Italy, Torino, Dipartimento di Entomologia e Zoologia Applicate all'Ambiente "Carlo Vidano"
DFCZ Malawi, Zomba, Forest Research Institute
DFEC USA, New York, Syracuse, State University of New York
DFFA Canada, Alberta, Calgary, Department of Fisheries and Forestry see NFRC
DFLC Brazil, Minas Gerais, Lavras, Escola Superior de Agricultura
DFRU Canada, New Brunswick, Fredericton, University of New Brunswick
DGKC David G. Kissinger 
DGMC Donald G. Manley
DHGC Donald H. Gudehus
DHKC David H. Kistner
DHWC David H. Webster
DJBC Denis J. Brothers
DKYC Daniel K. Young
DLBC Donald L. Baumgartner
DLCC Daniel L. Curtis
DLDC D. L. Deonier
DLPC David L. Pearson 
DMBC USA, South Carolina, McClellanville, Dominick Moth and Butterfly Collection
DMDC Cameroon, Douala, Douala Museum
DMLU Ukraine, Lviv, Dzieduszycki museum
DMNH see DMNS
DMNH USA, Ohio, Dayton, Dayton Museum of Natural History
DMNS USA, Colorado, Denver, Denver Museum of Natural History
DMSA South Africa, Kwa-Zulu Natal, Durban, Durban Museum
DNHC see DMNS
DORC United Kingdom, Dorchester, Dorset County Museum
DPBA Argentina, Buenos Aires, Departamento de Patologia Vegetal
DPIC Brazil, Minas Gerais, Belo Horizonte, Instituto de Ciencias Biologicas
DPNC USA, Connecticut, Mystic, Denison Pequotsepos Nature Center
DPPC Taiwan [Republic of China], Nau-Tan, Department of Agriculture
DPSP Brazil, Sao Paulo, Universidade de Sao Paulo, Departamento de Parasitologia
DPUP Brazil, Parana, Maringa, Universidade Federal de Maringa
DPWC David P. Wooldridge 
DRMC David Robert Maddison
DRPC Dennis R. Paulson
DSEC Brazil, Paraiba, Joao Pessoa, Universidade Federal da Paraiba
DSIR see NZAC
DSVC David S. Verity
DTC Dmitrijs Telnovs
DTIC Brazil, Minas Gerais, Departamento Parasitologia
DVCC USA, California, Pleasant Hill, Diablo Valley College
DVNM USA, California, Death Valley, Death Valley National Monument
DWJC Dale W. and Joanne F. Jenkins
DZCU India, West Bengal, Calcutta, Calcutta University
DZEC see MTEC
DZIB Brazil, Sao Paulo, Campinas, Universidade Estadual de Campinas
DZUC Sri Lanka, Colombo, University of Ceylon, Department of Zoology
DZUP Brazil, Parana, Curitiba, Universidade Federal do Parana, Museu de Entomologia Pe. Jesus Santiago Moure
EAPC see EAPZ
EAPZ Honduras, Tegucigalpa, Escuela Agricola Panamericana
EBCC Mexico, Jalisco, San Patricio, Universidad Nacional Autonoma de Mexico, Estacion de Biologia "Chamela"
EBDS Spain, Sevilla, Estacion Biologica de Donana
EBTX Mexico, Veracruz, San Andres Tuxtla, Instituto de Biologia, Estacion Biologia Los Tuxtlas
ECMC Edward C. Mignot 
ECOL Belgium, Louvain-la-Neuve, Collection du Laborataire d'Ecologie
ECUT USA, Tennessee, Knoxville, University of Tennessee
EDNC USA, North Carolina, Raleigh, North Carolina Department of Agriculture
EDUC see JBWM
EDWC Edward D. Weidert 
EEEC Edward E. Estep
EELM Peru, Lima, Estacion Experimental Agricola de la Molina
EGCC Edward V. Gage
EGFC Edward G. Franworth
EGNP USA, Florida, Homestead, Everglades National Park
EGRC Edward G. Riley
EGSC Eric Gowling-Scopes
EHSC Eric H. Smith 
EIC Edward I. Coher
EIHU Japan, Hokkaido, Sapporo, Hokkaido University
EINS Ecuador, Quito, Ecuadorian Institute of Natural Sciences
EISC China, Shaanxi, Taigu, Shaanxi Agricultural University, Entomological Institute
EJFC Everett J. Ford
EJGC see FSCA
EJKC Eric J. Kiteley
EKIC see CFUA
ELMF USA, Maine, Augusta, Maine Forest Service
ELSC E. L. Sleeper
EMAU Germany, Greifswald, Ernst-Moritz-Arndt-Universitaet Greifswald
EMB see EMBT
EMBT Thailand, Bangkok, Department of Agriculture
EMEC USA, California, Berkeley, University of California, Essig Museum of Entomology
EMET Turkey, Erzurum, Ataturk Universitesi, Faculty of Agriculture, Entomology Museum
EMIT Turkey, Isparta, Sueleyman Demirel University, Entomological Museum of Isparta
EMP Edward "Ted" M. Pike
EMUS USA, Utah, Logan, Utah State University
ENIH Japan, Tokyo, National Institute of Health
ENMU USA, New Mexico, Portales, Eastern New Mexico University, Natural History Museum
EPNC Ecuador, Quito, Escuela Polytecnica Nacional
EPNZ Eric D. Pritchard
EPRL USA, Puerto Rico, Mayaguez, University of Puerto Rico
ESEC Egypt, Cairo, Entomological Society of Egypt
ESRC Canada, Nova Scotia, Belmont, Nova Scotia Department Natural Resources
ESRN Brazil, Rio Grande do Norte, Mossoro, Escola Superior de Agricultura
ESUG USA, Guam, Mangilao, University of Guam
ESUW USA, Wyoming, Laramie, University of Wyoming
ETE Mexico, Chiapas, El Colegio de la Frontera Sur, Coleccion de insectos Asociados a Plantas Cultivadas en la Frontera Sur
ETHZ Switzerland, Zurich, Erdgenoessische Technische Hochschule-Zentrum
EUMJ Japan, Matsuyama, Ehime University
EVCV Austria, Vorarlberg, Erster Vorarlberger Coleopterische Verein
EVGC Edward V. Gage
EYCC Eric Yensen -- see CIDA
FACS China, Fujian, Shaxian, Fujian Agricultural College
FAHS Felix Sperling
FAMU USA, Florida, Tallahassee, Florida A & M University
FAUN Colombia, Pasto, Universidad de Narino
FAVU Brazil, Rio Grande do Sul, Porto Alegre, Universidade Federal do Rio Grande do Sul, Faculdade Agronomia e Veterenaria
FB Argentina, Rio Negro, Bariloche, Fundacion Bariloche
FBUB Germany, Bielefeld, Universitaet Bielefeld
FBWA Austria, Wien, Forstlichen Bundsversuchsanstalt
FCAP Brazil, Para, Belem, Universidade Federal do Para
FCDA USA, California, Fresno, Fresno County Department of Agriculture
FCNI Australia, New South Wales, Beecroft, Forest Commission of N.S.W.
FCNS see FCNI
FCNZ Francis Dudley Chambers
FCTC F. Christian Thompson
FCTH Australia, Tasmania, Hobart, Forestry Commission of Tasmania
FDA see FSCA
FDUC USA, New Jersey, Rutherford, Fairleigh Dickinson University [collection transferred to FSCA].
FDVC De La Villa, Francisco
FEM see PSUC
FFCL Brazil, Distrito Federal, Itu, Nossa Senhora do Patrocinia
FGAC Fred G. Andrews
FGIC Francois Genier
FHKS USA, Kansas, Hays, Fort Hays State University
FHUB F. H. U. Baker
FICB Papua New Guinea, Lae, Forest Research Centre
FIDS Canada, Ontario, Sault Ste. Marie, Great Lakes Forest Research Laboratory, Forest Insect and Disease Survey
FIEC Canada, Manitoba, Winnipeg, Freshwater Institute
FIJI Fiji, Suva, University of the South Pacific
FIOC Brazil, Rio de Janeiro, Rio de Janeiro, Fundacao Instituto Oswaldo Cruz
FKC Filipp Kovalevsky
FMBC Frank M. Beer 
FMH Frank M. Hull [deceased], see CNC
FML see IMLA
FMNH Finland, Helsinki, Finnish Museum of Natural History (also used by Field Museum)
FMNH USA, Illinois, Chicago, Field Museum of Natural History (also used by Finnish Museum of Natural History)
FMSS El Salvador, San Salvador, Parque Zoological Nacional "Finca Modelo", Natural History Museum
FNIC Fiji, Suva, Fiji National Insect Collection
FNML Netherlands, Leeuwarden, Fries Natuurhistorisch Museum
FNP Canada, New Brunswick, Alma, Fundy National Park
FNYC Frank N. Young
FRCS Malaysia, Sabah, Sandakan, Forest Research Centre
FRIM Malaysia, Kuala Lumpur, Forest Research Institute
FRLC Canada, New Brunswick, Fredericton, Forestry Canada, Forest Insect and Disease Survey Reference Collection
FRNZ New Zealand, Rotorua, Forest Research Institute
FSAA USA, Alaska, Anchorage, U.S. Department of Agriculture, Forest Service, State and Private forestry, Forest Health Protection
FSAF USA, Alaska, Fairbanks, U.S. Department of Agriculture, Forest Service, State and Private forestry, Forest Health Protection
FSAC Forrest St. Aubin 
FSAG Belgium, Gembloux, Zoologie Generale et Appliquee
FSAJ USA, Alaska, Juneau, U.S. Department of Agriculture, Forest Service, State and Private forestry, Forest Health Protection
FSCA USA, Florida, Gainesville, Division of Plant Industry, Florida State Collection of Arthropods
FSMC USA, Florida, Gainesville, University of Florida, Florida Museum of Natural History, Allyn Museum
FSSF see SMFD
FTHC Frank T. Hovore
FUB Germany, Berlin, Frei Universitaet
FWJP Floyd W. and June D. Preston
FVLI Fabio Vitale, Lecce Italy
FWMC Frank W. Mead
FWSC Fred W. Skillman
GACC see IEGC
GADC Gary A. Dunn
GAGC Glenn A. Gorelick
GASC G. Allan Samuelson, see BPBM
GBFC G. B. Fairchild [deceased]
GBFM Panama, Panama, Universidad de Panama
GCGC Grant C. Gaumer 
GCNP USA, Arizona, Grand Canyon, Grand Canyon National Park
GCRE Gressitt Center for Research in Entomology, see BPBM
GCSC Gordon C. Snelling
GCTP Singapore, Global Colosseum
GCWC George C. Walters
GDCB Greg Daniels
GEIC China, Guangdong, Guangzhou, Academia Sinica, Guangdong Entomology Institute
GEFC Gerard E. Flory 
GFBI Italy, Bozen, Gymnasium der Franziskaner in Bozen [= Bolzano]
GFH Gary F. Hevel, see USNM
GGAC Gary Anweiler
GGCB Geert Goemans
GHBC George H. Bick
GHCA George Hangay
GHNC G. H. Nelson
GIES Edmund F. Giesbert [deceased] -- see FSCA
GLCC Gilbert L. Challet 
GLFC Canada, Ontario, Sault Ste. Marie, Great Lakes Forestry Centre
GLFR see GLFC
GLIC Graeme Lowe
GLNP USA, Montana, West Glacier, Glacier National Park
GLPC Gary L. Peters
GMCE United Kingdom, Chester, Grosvenor Museum
GMUG Germany, Goettingen, Universitaet Goettingen, Geowissenschaftliches Zentrum
GNHM Greece, Kifissia, Goulandris Natural History Museum
GNM Sweden, Goeteborg, Naturhistoriska Museet
GNME see GNM
GPPT Georgia, Tbilisi, Plant Protection Institute
GPTA Virendra Gupta
GRNC Gerald R. Noonan see MCPM
GRSW Namibia, Gobabeb, Desert Ecological Research Unit
GSAT USA, Alabama, Tuscaloosa, The Geological Survey of Alabama
GSIC Gordon Small
GSNP USA, Tennessee, Gatlinburg, Great Smoky Mountains National Park
GTAC George T. Austin
GVMC Gary V. Manley
GZHC G. van der Zanden
HAHC Henry and Anne Howden
HAUH India, Haryana, Hissar, Haryana Agricultural University
HAVO USA, Hawaii, Hawaii National Park, Hawaii Volcanoes National Park
HBS USA, Hawaii, Honolulu, Bishop Museum, Hawaii Biological Surveysee BPBM
HCCA USA, Nebraska, Hastings, Hastings College
HCOE see UMO
HCTR USA, Georgia, Statesboro, Georgia Southern University, Hoogstraal Center for Tick Research
HDBC Howard David Baggett
HDEC Dodge Engleman
HDOA USA, Hawaii, Honolulu, Hawaii Department of Agriculture
HEMS United Kingdom, Haslemere, Haslemere Educational Museum
HENA Honduras, Catacamas, Escuela Nacional de Agricultura
HFRI China, Hunan, Hunan Forestry Research Institute
HHCC Hilary Hacker 
HIC United States, Kentucky, Lexington, University of Kentucky, Department of Entomology, Hymenoptera Institute Collection
HISC Harvey I. Scudder 
HIUW Austria, Wien, Hygiene-Institut der Universitaet
HLBC Hugh L. Burns, Jr. 
HLD see HLMD
HLDC Herbert L. Dozier
HLDH see HLMD
HLMD Germany, Darmstadt, Hessisches Landesmuseum Darmstadt
HLWC Harold L. Willis, see RLHC
HMMC Hans Muehle
HMNS USA, Texas, Houston, Houston Museum of Natural Science
HMOX see UMO
HMUG United Kingdom, Glasgow, Glasgow University, Hunterian Museum
HNHB see HNHM
HNHH China, Heilongjiang, Harbin City, Heilongjiang Natural History Museum
HNHM Hungary, Budapest, Hungarian Natural History Museum
HNPH USA, Hawaii, Maui, Makawao, Haleakala National Park
HNSA Austria, Salzburg, Haus der Natur
HPBC Howard P. Boyd
HPSC H. P. Stockwell
HRSC Harrison R. Steeves, Jr. 
HSIC Solomon Islands, Honiara, Ministry of Natural Resources
HSPA USA, Hawaii, Honolulu, Hawaiian Sugar Planters' Association see BPBM, HDOA
HSUE Ethiopia, Addis Ababa, Haile Selassie I University, Natural History Museum
HVNP see HAVO
HWIC Henk Wolda
HZMZ Croatia, Zagreb, Hrvatski Narodni Zooloski Muzej
IAAA Brazil, Sao Paulo, Araras, Instituto do Acucar e do Alcool
IACC Brazil, Sao Paulo, Campinas, Instituto Agronmico de Campinas
IANZ I. C. Andrew
IAVH Colombia, Instituto Alexander von Humboldt
IBLP Poland, Warszawa, Instytut Badawczy Lesnictwa
IBLTN see UNAM
IBRP Brazil, Sao Paulo, Ribeirao Preto, Instituto Biologico de Ribeirao Preto
IBSP Brazil,Sao Paulo, Sao Paulo, Instituto Butantan
IBUP Poland, Torun, Uniwersytet Mikolaja Koperniki, Institute of Biology
IBUS Brazil, Rio de Janeiro, Seropedica (Itaguai), Universidade Federal do Rio de Janeiro
IBUT Brazil, Sao Paulo, Sao Paulo, Instituto Butanta
ICBU Canada, Quebec, Lennoxville, Bishop's University, Natural History Museum
ICCM see CMNH
ICN Colombia, Bogota, Universidad Nacional de Colombia, Insituto de Ciencias Naturales de la Universidad Nacional
ICGC Italy, Genova, Istituto Calasanzio
ICIS USA, Idaho, Pocatello, Idaho State University, Idaho Museum of Natural History
ICPR India, Karnataka, Bangalore, Biological Control Research Institute
ICRC USA, Maryland, Baltimore, Insect Control and Research
ICRG China, Guangdong, Guangzhou (Canton), Institute of Entomology
ICRI China, Guangdong, Guangzhou, Zhonghan (Sun Yat-Sen) University, Research Institute of Entomology
ICUI USA, Iowa, Iowa City, University of Iowa
ICVI Israel, Bet Dagan, The Volcani Center
IDEA Chile, Arica, Universidad de Tarapaca, Instituto de Agronomia
IDMC I. D. McLellan
IEAB Italy, Bari, Istituto di Entomologia Agraria dell'Universita
IEAM Italy, Milano, Istituto di Entomologia dell'Universita degli Studi [= Istituto di Entomologia Agraria dell'Universita, Milan].
IEAP Italy, Pavia, Istituto di Entomologia Agraria dell'Universita
IEAS China, Shanghai, Shanghai, Academia Sinica, Institute of Entomology
IEAU Italy, Sassari, Istituto di Entomologia Agraria dell'Universita
IECA Czech Republic, Budejovice, Czech Academy of Science, Institute of Entomology
IEEM see MNMS
IEGG Italy, Bologna, Universita di Bologna, Istituto di Entomologia "Guido Grandi"
IEME Russia, Moscow, A.N. Severtsov Institute for Evolution, Morphology, and Ecology of Animals
IEMM Mexico, Mexico D.F., Instituto de Ecologia
IENU Italy, Napoli, Istituto di Entomologia, Universita degli Studi
IEPA Italy, Perugia, Istituto di Entomologia Agraria dell'Universita
IEUC Italy, Piacenza, Istituto di Entomologia Agraria dell'Universita Cattolica
IEUP Italy, Pavia, Istituto di Entomologia, Universita degli Studi
IEUS Italy, Bologna, Istituto di Entomologia dell'Universita degli Studi via Filippo --seeIEGG
IEVB Belgium, Liege, Universite de Liege, Institut de Zoologie [Institut Ed. Van Beneden]
IFAN Senegal, Dakar, Institut Fondamental de l'Afrique Noire
IFFB Austria, Wien, Institut fuer Forstenentomologie und Forstschutz
IFPE see DEI
IFRI India, Uttar Pradesh, Dehra Dun, Indian Forest Research Institute
IFSA Brazil, Sao Paulo, Sao Paulo, Instituto Florestal
IGAA I. G. Andrew
IGUS Germany, Saarbrucken, Universitaet des Saarlandes
IHUG Austria, Graz, Institut fuer Hygiene der Iniversitaet
IIES Argentina, Salta, Instituto Investigaciones Entomologicas Salta
IICT Portugal, Lisboa, Centro de Zoologia do I.I.C.T.
IJSM Jamaica, Kingston, Institute of Jamaica, Natural History Museum
ILMA Italy, Albano Laziale (Roma), Istituto Leonardo Murialdo
ILRC Ira LaRivers [deceased]
IMCC Ian Moore 
IMI see IPSM
IML see IMLA
IMLA Argentina, Tucuman, Universidad Nacional de Tucuman, Fundacion e Instituto Miguel Lillo
INBC see INBio
INBio Costa Rica, Santo Domingo de Heredia, Instituto Nacional de Biodiversidad (INBio)
INBP Paraguay, Asuncion, Inventorio Biologico Nacional [Museo Nacional de Historia Natural del Paraguay]
INER Italy, Roma, Istituto Nazionale di Entomologia
INHM Iraq, Baghdad, Iraq Natural History Museum
INHS USA, Illinois, Champaign, Illinois Natural History Survey
INIA Mexico, Celaya, Instituto Nacional de Investigaciones Forestales y Agropecurias
INIR Mexico, Vera Cruz, Xalapa, Coleccion de Termitas Mexicanas
INLA Chile, La Cruz, INIA Subestacion Experimental Control Biologico La Cruz
INPA Brazil, Amazonas, Manaus, Instituto Nacional de Pesquisas da Amazoonia, Colecao Sistematica da Entomologia
INPC India, Haryana, New Delhi, Indian Agriculture Research Institute, National Pusa Collections
INS Colombia, Bogota, Instituto Nacional de Salud, Laboratorio de Entomologia, Coleccion Entomologica
IOC see FIOC
IPCN Argentina, San Martin de los Andes, Instituto Patagonico de Ciencias Naturales
IPSM United Kingdom, Ipswich, Ipswich Museum
IPTB Brazil, Sao Paulo, Sao Paulo, Instituto de Pesquisas Tecnologicas
IPVB Serbia, Belgrade, Institut pour la Protection Vegetaux
IPZE see DEI
IRAG Guadeloupe, Petit-Bourg, Institut National de la Recherche Agronomique de Antilles et Guyane
IRCW USA, Wisconsin, Madison, University of Wisconsin
IREC Guadeloupe, Pointe-a-Pitre, Institut de Recherches Entomologique de la Caribe
IRRI Philippines, Manila, International Rice Research Institute
IRSB see IRSNB
IRSNB Belgium, Brussels, Institut Royal des Sciences Naturelles de Belgique
IRSC Congo, Kinshasa, Institute de Recherche Scientific
IRSN see IRSNB
ISAB Italy, Bolzano, Istituto Sant'Antonio dei Padri Francescani
ISAR Belarus, Minsk, Academy of Science
ISAS China, Yunan, Kunming, Kunming Institute of Zoology
ISBR Romania, Bucharest, Institute of Speleology
ISCM Morocco, Rabat, Institut Scientifique Cheripen
ISEA see ISZP
ISMC USA, Indiana, Indianapolis, Indiana Department of Natural Resources
ISMS USA, Illinois, Springfield, Illinois State Museum
ISNB see IRSNB
ISNP Italy, Gorizia, Istituto Sperimentale per la Nutrizione delle Piante
ISNS see FSCA
ISU see ISUC
ISUC USA, Illinois, Normal, Illinois State University
ISUI USA, Iowa, Ames, Iowa State University
ISZA Italy, Firenze, Istituto Sperimentale per la Zoologia Agraria
ISZK see ISZP
ISZP Poland, Krakow, Polish Academy of Sciences, Institute of Systematic Zoology
ITCC Italy, Vercelli, Istituto Tecnico Stattale "Camillo Cavour"
ITCO Italy, Lecce, Istituto Tecnico Commerciale "Oronzio Gabriele Costa"
ITHA Netherlands, Amsterdam, Instituut voor Tropische Hygiene
ITLJ Japan, Ibaraki, Tsukuba, National Institute of Agro-environmental Sciences
ITMM Mexico, Nuevo Leon, Monterrey, Instituto Tecnologico de Monterrey
IUIC USA, Indiana, Bloomington, Indiana University
IVCB see ICVI
IZAC Cuba, Habana [=Havana], Academia de Ciencias de Cuba, Instituto de Zoologia
IZAS see IZCAS
IZAV see MIZA
IZBE Estonia, Tartu, Institute of Zoology and Botany
IZCR Italy, Palermo, Istituto di Zoologia "Giuseppe Reverberi" dell'Universita
IZCAS China, Beijing, Chinese Academy of Sciences, Institute of Zoology
IZGAS Georgia, Tbilisi, Georgian Academy of Sciences, Insititute of Zoology
IZP see IZPC
IZPC Portugal, Porto, Universidade do Porto
IZS see IZPC
IZSI Italy, Siena, Istituto di Zoologia
IZUC see UCCC
IZUE Germany, Erlangen, Universitaet -Erlangen-Nurnberg
IZUI Austria, Innsbruck, Institut fuer Zoologie der Universitat Innsbruck
IZUM Italy, Milano, Istituto di Zoologia dell'Universita
IZUP Italy, Perugia, Istituto di Zoologia dell'Universita
IZUW Austria, Wien, Institut fuer Zoologie der Universitaet
JAMC Julio A. Micheli
JARC J. A. Ramos
JASC James A. Slater
JASO John A. Stidman
JATH Hungary, Szeged, University of Szeged
JB John Bowden
JBHC John B. Heppner
JBJC James B. Johnson
JBKC Jay B. Karren 
JBVC John B. Vernon
JBWC see JB
JBWM Canada, Manitoba, Winnipeg, University of Manitoba, J.B. Wallis Museum of Entomology
JCAC Jean Charles Aube 
JCCC James C. Cokendolpher
JCH Jack C. Hall, see UCR
JCSC Jack C. Schuster
JCVB Jack C. Von Bloeker 
JDHC Jeremy Hummel
JDPC Jos Dils
JEBC Juan Enrique Barriga Tunen
JELC James E. Lloyd
JEWC James E. Wappes
JFBC J. F. Brimley 
JFCC J. F. Cornell 
JFMR USA, California, Moss Beach, James V. Fitzgerald Marine Reserve
JGEC J. Gordon Edwards
JGFC John G. Franclemont
JHBC James H. Baker 
JHFC J. Howard Frank
JHRC John R. Robinson 
JHSC Jorge Hendrichs 
JJDC Jerrell James Daigle
JJMD Jean and Jerry M. Davidson
JKBC John K. Bouseman 
JLNC John L. Neff
JMCC Joseph M. Cicero
JMCI John M. Coffman
JMFC Julius Ganev
JMPC John M. Plomley
JMSC John M. Snider
JNKC Josef N. Knull [deceased], see FMNH
JNLS Jeffrey N. L. Stibick
JNRC Jacques Rifkind
JOIC J. Oppewall
JOC Jeffrey Ogden
JPCC James Pakaluk
JPMP Hungary, Pecs, Janus Pannonius Museum
JRCC James Robertson
JRIC Jonathan Reiskind
JRLC James R. LaBonte
JRPC Jack R. Powers 
JSCC Joe Schuh [deceased], see AMNH
JSNC John S. Nordin
JSTC John Stamatov 
JTLC John T. Longino
JSTC John Stamatov 
JTPC USA< Colorado, Englewood, Colorado Entomological Museum (formerly John T. Polhemus collection)
JTNM USA, California, Twentynine Palms, Joshua Tree National Monument
JVMJ John V. Matthews, Jr.
JW Jan Wieringa
JWJC James W. Johnson
JWTC J.W. Tilden [deceased], see CAS
KARI Kenya, Nairobi, Kenya Agricultural Research Institute
KARS Uganda, Kampala, Kawanda Agricultural Research Station
KBIN see IRSNB
KCEC K. C. Emerson
KDIC Keith Dobry
KEIU Korea, Seoul, Korea University
KFNZ Kenneth J. Fox, [deceased]
KFRI India, Kerala, Trichur District, Kerala Forest Research Institute
KHSC Karl H. Stephan
KHUG Germany, Giessen, Kuenanz-Haus, Aussenstelle der Universitaet
KKUK Korea, Seoul, Kon-Kuk University
KLSC Kurt L. Schmude
KMFC Kenneth M. Fender 
KMNH Japan, Fukuoka, Kyushu, Kitakyushu Museum and Institute of Natural History
KMVC Czech Republic, Hradec Kralove, Krajske Muzeum Vychodnich Cech
KNHM Kuwait, Safat, The Educational Science Museum [=Kuwait Natural History Museum]
KNIC Korea, Pocheon City, Korea National Arboretum, Korea National Insect Collection
KNUC Korea, Kangweon, Kangweon National University
KNWR USA, Alaska, Kenai National Wildlife Refuge
KPMC USA, Michigan, Kalamazoo, Kalamazoo Public Museum
KPU Japan, Kyoto, Kyoto Prefectural University, Laboratory of Entomology
KR Knut Rognes
KRSF Fiji,Suva, Koronivia Research Station
KSBS USA, Kansas, Lawrence, University of Kansas, State Biological Survey of Kansas
KSUC USA, Manhattan, Kansas State University
KUBL Japan, Kyoto, Kyoto University, Yoshida College, Biological Laboratory
KUEC Japan, Fukuoka, Kyushu University
KUIC Japan, Kagoshima, Kagoshima University
KUKI India, Kurukshetra, Kurukshetra University
KUSE see KUEC
KUZC Japan, Fukuoka, Kyushu University, Zoological Collection
KWBC Kirby W. Brown
KWKC Kenneth W. Knopf
KWVC Kenneth W. Vick
LACM USA, California, Los Angeles, Los Angeles County Museum of Natural History
LBIC Lewis Berner
LBIT France, Toulouse, Laboratoire de Biologie des Insectes
LBM Japan, Lake Biwa, Lake Biwa Museum
LBOB Lois B. O'Brien
LCAC L. Clair Armin [deceased] 
LCDC Linwood C. Dow
LCM see LCMI
LCMI India, Tamil Nadu, Madras, Loyola College
LCNZ see LUNZ
LDM Latvia, Riga, Latvian Natural Histotry Museum, department of Entomology
LEB Latvia, Riga, Entomological Society of Latvia
LEM see LEMQ
LEMG Louis E. McGee
LEMQ Canada, Quebec, Ste. Anne de Bellevue, McGill University, Lyman Entomological Museum
LEMT Turkey, Izmir, Ege University, Lodos Entomological Museum
LEPG Luis E. Pena [deceased]
LEW Netherlands, Wageningen, Wageningen University, Laboratory of Entomology
LFGC Lawrence F. Gall
LFJR Leonard C. Ferrington, Jr.
LGCC Louis G. Gentner [deceased]
LGUT Lawrence E. Gilbert
LGWC Laurel G. Woodley 
LLLJ Lester L. Lampert, Jr.
LMAD Germany, Duesseldorf, Loebbecke Museum und Aquazoo
LMND Germany, Muenster, Landessammlungen fuer Naturkunde
LNKD Germany, Karlsruhe, Landessammlung fuer Naturkunde
LMRZ Zambia, Livingstone, Livingstone Museum
LMSZ Latvia, Riga, Latvian University, Museum of Systemic Zoology
LMZG Guinea, N'Zerekore, Local Museum
LNK see LNKD, SMNK
LNKD see SMNK
LNM see LNMD
LNMD Germany, Munster, Landessammlungen fuer Naturkunde
LNMO Germany, Oldenburg, Landesmuseum Natur und Mensch
LPBC Lincoln P. Brower
LPSP USA, Delaware, Kirkwood, Lumus Pond State Park, Whale Wallow Nature Center
LPUP France, Paris, Universite de Paris, Laboratoire de Parasitologie
LRGC Lorin R. Gillogly 
LS see LSUK
LSAM USA, Louisiana, Baton Rouge, Louisiana State University, Louisiana State Arthropod Museum
LSUC see LSAM
LSUK United Kingdom, London, Linnean Society
LUNZ New Zealand, Lincoln, Lincoln University
LUW see LEW
LVNP USA, California, Mineral, Lassen Volcanic National Park
LZLP Portugal, Lisboa, Universidade de Lisboa
MABC Marcos Baez
MACA Macau, Parque da Reserva de Siac Pai van Coloane Island
MACB M. Alvarenga 
MACN Argentina, Buenos Aires, Museo Argentina de Ciencias Naturales
MAFC Manfredo Fritz--deceased; collection sent to USA [location unknown]
MAFF Fiji, Ministry of Agriculture and Forestry, Colo-i-Suva Silvicultural Station
MAGB Botswana, Gaberone, National Museum and Art Gallery
MAGD Australia, Northern Territory, Darwin, Northern Territory Museum of Arts and Sciences
MAIC Michael A. Ivie
MAKD see ZFMK
MAMU Australia, New South Wales, Sydney, University of Sydney, Macleay Museum
MAPC Marc A. A. Pollet
MATC M. A. Tidwell
MATH see BMIC
MBAB Italy, Bassano del Grappa, Museo Biblioteca Archivio
MBAC Italy, Catania, Museo del Dipartimento di Biologia Animale dell'Universita
MBAP Italy, Pavia, Museo del Dipartimento di Biologia Animale dell'Universita
MBBJ Indonesia, Bogor, Museum Zoologicum Bogoriense
MBCG Italy, Bergamo, Museo di Scienze Naturali "Enrico Caffi"
MBLI Maurizio Bollino
MBM Myanmar, Yangon, Hlawga Park, Forest Department, Biodiversity Museum
MBMC USA, Nevada, Las Vegas, University of Las Vegas, Marjorie Barrick museum of Natural History
MBR see MACN
MBSR Romania, Sibiu, Muzeul Brukenthal
MBUC Venezuela, Caracas, Universidad Central de Venezuela
MCAS Italy, Alba, Museo Civico Archeologico e di Scienze Naturali "F. Eusebio"
MCBR Italy, Termini Imerese, Museo Civico "Baldassarre Romano"
MCCB Italy, Bra, Museo Civico "Craveri"
MCCI Italy, Carmagnola, Museo Civico di Storia Naturale
MCCM India, Tamil Nadu, Madras, Madras Christian College
MCES Turkey, Ankara, Museum of the Center for Entomological Studies
MCFB Spain, Barcelona, Museo de la Cienica Fundacion
MCFM Italy, Castelbuono, Museo Civico "Francesco Mina Palumbo"
MCFS Italy, Ferrara, Museo Civico di Storia Naturale
MCGC see MNNC
MCGS Italy, Imola, Museo Civico "Giuseppe Scarabelli"
MCIZ Italy, Messina, Museo Cambria, Istituto di Zoologia dell'Universita
MCM see MCMC
MCMC Mexico, Mexico D.F., Museo de Historia Natural de la Ciudad de Mexico
MCMF Marc C. Minno
MCMS Italy, Morbegno, Museo Civico di Storia Naturale
MCN see MCNZ
MCNA Spain, Vitoria, Museo de Ciencias Naturales de Alava
MCNV Italy, Venice, Museo Civico di Storia Naturale
MCNZ Brazil, Rio Grande do Sul, Porto Alegre, Museu de Ciencias Naturais da Fundacao Zoo-Botanica do Rio Grande do Sul
MCPM USA, Wisconsin, Milwaukee, Milwaukee City Public Museum
MCPU see MCTP
MCRA Italy, Rovereto, Musei Civici di Rovereto, Sezione Archeologia, Storia e Scienze Naturali
MCSB Italy, Brescia, Museo Civico di Scienze Naturali
MCSC USA, Colorado, Colorado Springs, May Natural History Museum
MCSF Italy, Faenza, Museo Civico di Scienze Naturali
MCSG Italy, Grosseto, Museo Civico di Storia Naturale
MCSN see MSNG
MCSR see MCCI
MCST Italy, Trieste, Museo Civico di Storia Naturale
MCTC M. C. Thomas
MCTP Brazil, Rio Grande do Sul, Porto Alegre, Pontificia Universidade, Museu de Ciencias
MCVM Italy, Varese, Museo Civico, Villa Mirabello
MCZ USA, Massachusetts, Cambridge, Harvard University, Museum of Comparative Zoology
MCZC see MCZ
MCZN see MCZ
MCZR Italy, Roma, Museo Civico di Zoologia
MDGC Manfred Doeberl
MDLA Angola, Luanda, Museu do Dundo
MDRG Belgium, Ghent, Museum voor Dierkunde, Rijksuniversiteit
MEAP Italy, Pescasseroli, Museo dell'Ente Autonomo del Paro Nazionale d'Abruzzo
MECB Brazil, Rio Grande do Sul, Universidade Federal de Pelotas, Museu Entomologico Ceslau Biezanko
MECG China, Beijing, Medical Entomology Collection Gallery
MECN Ecuador, Quito, Museo Ecuadoriano de Ciencias Naturales
MEFLG Colombia,Medellin, Universidad Nacional de Colombia, Museo Entomologico Franciaco Luis Gallego
MEM USA, Mississippi, Mississippi, Mississippi State University
MEMU see MEM
MESC Matthias Schoeller
MEUC Chile, Santiago, Universidad de Chile
MEUP 
MFAP Madagascar, Tananarive, Museum of Folklore, Archaeology and Palaeontology
MFNB see ZMHB
MFNB Italy, Udine, Museo Friulano di Storia Naturale
MGA see MGAP
MGAB Romania, Bucharest, Museum of Natual History "Grigore Antipa"
MGAP Brazil, Rio Grande do Sul, Porto Alegre, Museu Anchieta
MGBC see EBDS
MGDL Luxembourg, Museum d'Histoire Naturalle du Grand-Duchy de Luxembourg
MGF see MGFT
MGFT Germany, Tutzing, Museum G. Frey
MGUG see GMUG
MHLP see MUSM
MHMC Martin H. Muma [deceased], see FSCA
MHNA France, Autun, Museum d'Histoire Naturelle d'Autun
MHNC Switzerland, La Chaux-de-Fonds, Musee d'Histoire Naturelle
MHND Dominican Republic, Santo Domingo, Museo Nacional de Historia Natural
MHNG Switzerland, Geneva, Museum d'Histoire Naturelle
MHNL France, Lyon, Musee d'Histoire Naturelle de Lyon
MHNM see URMU
MHNN Switzerland, Neuchatel, Museum d'Histoire Naturelle
MHNS see MNNC
MICN Canary Islands, Tenerife, Museo Insular de Ciencias Naturales
MIMM Mauritius, Port Louis, Mauritius Institute
MINC Spain, Madrid, Universidad Politecnica
MINI Romania, Iasi, Muzeul de Istoria Naturala
MIUP 
MIZA Venezuela, Maracay, Museuo del Instituto de Zoologia Agricola
MIZT Italy, Torino, Universita di Torino
MJLC M. J. Laliberte 
MJMO Venezuela, Lara, Universidad Centro Occidental, Decanato de Agronomia
MJPL see MUSM
MKC Martins Kalnins
MLP see MLPA
MLPA Argentina, La Plata, Universidad Nacional de La Plata, Museo de la Plata
MLPC Manuel L. Pescador
MLUH Germany, Halle a.S, Martin-Luther-Universitaet, Wissenschaftsbereich Zoologie
MMB see MMBC
MMBC Czech Republic, Brno, Moravske Muzeum [Moravian Museum]
MMCM Malawi, Blantyre, Museum of Malawi
MMKZ South Africa, Kimberley, Alexander McGregor Memorial Museum
MMMN Canada, Manitoba, Winnipeg, Manitoba Museum of Man and Nature
MMMZ Zimbabwe, Mutare, Mutare Museum
MMUE United Kingdom, Manchester, The University, Manchester Museum
MNAC Manfred Niehuis
MNAV Italy, Vicenza, Museo Naturalistico-Archeologico
MNCE Brazil, Parana, Curitiba, Museu de Historia Natural Capao da Embuia
MNCR Costa Rica, San Jose, Museo Nacional de Costa Rica
MND see MNNW
MNDG El Salvador, San Salvador, Museo Nacional "David J. Guzman"
MNF see MNFD
MNFD Germany, Breisgau, Museum fuer Naturkunde
MNGC Guatemala, Guatemala City, Museo Nacional de Historia Natural
MNHC Cuba, Habana [=Havana], Museo Nacional de Historia Natural
MNHL see MNVL
MNHM United States, Colorado, Colorado Springs, John May Museum of Natural History
MNHN France, Paris, Museum National d'Histoire Naturelle
MNHP USA, New Jersey, Princeton, Princeton University
MNHP see MNHN
MNM see MNMS
MNMS Spain, Madrid, Museo Nacional de Ciencias Naturales
MNNC Chile, Santiago, Museo Nacional de Historia Natural
MNNW Germany, Dortmund, Museum fuer Naturkunde
MNRJ Brazil, Rio de Janeiro, Sao Cristovao, Universidade do Rio Janeiro, Museu Nacional
MNSL Germany, Leipzig, Museum of Natural Sciences
MNV see MSNV
MNVL France, Lille, Museum d'Histoire Naturelle de Ville de Lille
MOCR see SRNP
MONA Monaco, Musee Oceanographique de Monaco
MONZ New Zealand, Wellington, Museum of New Zealand
MOSG Romania, Sf. Gheorghe, Muzeul Orasului Sf. Gheorghe
MOSN Italy, Ravenna, Museo Ornitologico e di Scienze Naturali
MOTH USA, South Carolona, Goose Creek, Museum of the Hemispheres
MPEG Brazil, Para, Belem, Museu Paraense Emilio Goeldi
MPGB Guinea-Bissau, Bissau, Museum of Portuguese Guinea
MPM see MCPM
MPMP Philippines, Manila, National Museum of the Philippines
MPPE Italy, Chiampo, Museo Paleontologico, Paletnologica ed Etnologico dei Padri Francescani
MPRL Marshall Islands, Enewetak Atoll, Mid-Pacific Research Laboratory see BPBM
MPLN Italy, Livorno, Museo Provinciale di Storia Naturale
MPSN Italy, Bolzano, Museo Provinciale di Scienze Naturali
MPSP Brazil, Sao Paulo, Universidade de Sao Paulo, Museu Paulista
MRAC see RMCA
MRKC Marc Roger Kutash
MRNP USA, Washington, Ashford, Mount Rainier National Park
MRSN Italy, Torino, Museo Regionale di Scienze Naturali
MRSP Italy, Saint Pierre, Museo Regionale di Scienze Naturali
MRST Italy, Terrasini, Museo Regionale di Storia Naturale
MSDB Italy, Torino, Museo di Storia Naturale "Don Bosco"
MSIE China, Shanghai, Shanghai, Museum of Shanghai
MSIR Mauritius, Reduitt, Mauritius Sugar Industry
MSJC India, Tamil Nadu, Tiruchirapalli, St. Joseph's College, Natural History Museum
MSNA Italy, l'Aquila, Museo di Storia Naturale e Arte Archeologica
MSNG Italy, Genova, Museo Civico di Storia Naturale "Giacomo Doria"
MSNM Italy, Milano, Museo Civico di Storia Naturale
MSNP Italy, Piacenza, Museo di Scienze Naturali
MSNS Italy, Calimera, Museo di Storia Naturale del Salento
MSNU Italy, Parma, Museo di Storia Naturale dell'Universita
MSNV Italy, Verona, Museo Civico di Storia Naturale
MSPC Italy, Varallo, Museo di Storia Naturale "Pietro Calderini"
MSSC USA, Texas, Wichita Falls, Midwestern State University
MSU see MEMU
MSUC USA, Michigan, East Lansing, Michigan State University
MSUE see MEMU
MSUT Albania, Tirane, Museum of Natural History
MTD Germany, Dresden, Museum fuer Tierkunde
MTEC USA, Montana, Bozeman, Montana State University
MTQA Australia, Queensland, Townsville, Museum of Tropical Queensland
MTSN Italy, Trento, Museo Tridentino di Scienze Naturali
MUCP see UNCP
MUCR Costa Rica, Ciudad Universitaria, Universidad de Costa Rica, Museo de Insectos
MUDH Netherlands, The Hague, Museon
MUIC see MEMU
MUJ Colombia, Bogota, Pontificia Universidad Javeriana, Museo Javeriano de Historia Natural, Laboratoriao de Entomologia
MUMZ Uganda, Kampala, Makerere University, Zoology Museum
MUNC Canada, Newfoundland, St. John's, Memorial University of Newfoundland
MUNZ New Zealand, Palmerston North, Massey University
MUSM Peru, Lima, Universidad Nacional Mayor de San Marcos, Museo de Historia Natural
MUSN Italy, Modena, Museo Universitario di Storia Naturale e della Strumentazione Scientifica
MUT see ZLMU
MVEN Netherlands, Enschede, Naturhistorisch Museum
MVMA Australia, Victoria, Abbotsford, Museum of Victoria
MVNP USA, Colorado, Mesa Verde National Park [No longer listed; no collection.]
MWNH Germany, Wiesbaden, Museum Wiesbaden, Department of Natural Science
MZAF Italy, Siena, Museo Zoologico dell'Accademia dei Fisiocritici
MZBI see MBBJ
MZBS Spain, Barcelona, Museo Zoologia
MZC see MZCP
MZCP Portugal, Coimbra, Universidade de Coimbra
MZCR Costa Rica, Ciudad Universitaria, Universidad de Costa Rica, Museo de Zoologia
MZF see MZRF
MZFN Italy, Napoli, Museo Zoologico dell'Universita "Federico II"
MZHF see FMNH
MZLS Switzerland, Lausanne, Musee Zoologique
MZNA Spain, Pamplona,Universidad de Navarra, Museum of Zoology
MZNC Argentina, Cordoba, Universidad Nacional de Cordoba, Museo de Zoolog&iacutea
MZLU Sweden, Lund, Lund University
MZPW Poland, Warszawa [=Warsaw], Polish Academy of Science, Museum of the Institute of Zoology
MZRF Italy, Forli, Museo Zangheri di Storia Naturale della Romagna
MZRO Italy, Verona, Museo Civico di Storia Naturale "P. Zangheri"
MZS see MZPW Poland, Warszawa [=Warsaw], Polish Academy of Science, Museum of the Institute of Zoology
MZSF France, Strasbourg, Universite de Strasbourg, Museum Zoologique
MZSP Brazil, Sao Paulo, Sao Paulo, Museu de Zoologia da Universidade de Sao Paulo
MZUB Italy, Bologna, Museo di Zoologia dell'Universita
MZUC Italy, Sardina, Cagliari, Universita di Cagliari
MZUF Italy, Firenze, Museo Zoologico "La Specola"
MZUL Italy, Roma, Museo di Zoologia dell'Universita "La Sapienza"
MZUN Italy, Napoli [= Naples], Museo Zoologico di Universita degli Studi
MZUP Italy, Parma, Museo Zoologico di Universita degli Studi
NABF North American Beetle Fauna Project, see FSCA
NAIC Papua New Guinea, Boroko, National Agricultural Insect Collection
NARI Guyana, Demerara, National Agricultural Research Institute
NARL Kenya, National Agricultural Research Laboratories
NAUF USA, Arizona, Flagstaff, Northern Arizona University
NAUJ China, Jiangsu, Nanjing, Nanjing Agricultural University
NAUP see NAUJ
NBM see NBMB
NBMB Canada, New Brunswick, St. John's, New Brunswick Museum
NBME United Kingdom, Bramber, National Butterfly Museum (Saruman Museum)
NCAW China, Henan, Wukung, North-West College of Agriculture
NCDA see EDNC
NCHU Taiwan [Republic of China], Taichung, National Chung Hsing University
NCM see NCMK
NCMA USA, North Carolina, Raleigh, North Carolina Department of Environmental Health and Natural Resources
NCMK United Kingdom, Norwich, Norwich Castle Museum
NCSR see NCSU
NCSM USA, Raleigh, North Carolina, North Carolina State Museum of Natural Sciences
NCSU USA, Raleigh, North Carolina, North Carolina State University Insect Collection
NCUT Poland, Torun, Nicolaus Copernicus University
NDAA Australia, New South Wales, Orange, New South Wales Department of Agriculture
NDAT Tunisia, Tunis, Department of Agriculture
NDFC Canada, Newfoundland, Corner Brook, Newfoundland Department of Forestry
NDSR USA, Ohio, Bowling Green, Bowling Green State University, National Drosophila Species Resource Center
NDSU USA, North Dakota, Fargo, North Dakota State University
NEWC Norman E. Woodley -- affiliated with USNM
NFRC Canada, Alberta, Edmonton, Northern Forest Research Centre
NFRN Canada, Newfoundland, Corner Brook, Canadian Forest Service, NRCan
NHM see BMNH
NHMA Denmark, E. Jutland, Natural History Museum
NHMB Switzerland, Basel, Naturhistorisches Museum
NHMC Myanmar, Rangoon, Natural History Museum
NHME Netherlands, Maastricht, Natuurhistorisch Museum
NHMK Austria, Klagenfurt, Landesmuseum fuer Kaernten
NHML Libya, Tripoli, Natural History Museum
NHMM Germany, Mainz, Naturhistorisches Museum Mainz
NHMN United Kingdom, Nottingham, Nottingham Natural History Museum (Wollaton Hall)
NHMR Netherlands, Rotterdam, Natuurhistorisch Museum
NHMS see SOFM
NHMW see NMW
NHNC Switzerland, La Chaux-de-Fons
NHRI Iceland, Reykjavik, Islandic Museum of Natural History
NHRS Sweden, Stockholm, Naturhistoriska riksmuseet
NHST Reunion, Saint-Denis, Museum of Natural History
NICC Belize, Cayo District, National Insect Collection
NICD India, Haryana, Delhi, National Institute of Communicable Diseases, Malaria Research Center
NINF Canada, Newfoundland, Deer Lake, Newfoundland Insectarium
NJSM USA, New Jersey, Trenton, New Jersey State Museum
NKMG see NMPG
NKUM China, Tianjin, Tianjin, Nankai University
NLEC Neal L. Evenhuis
NLHD Germany, Hannover, Niedersachsisches Landesmuseum
NLH see NLHD
NLRC Norman L. Rumpp
NMAG Germany, Augsburg, Naturhistorisches Museum
NMB see NMBZ
NMBA Austria, Admont, Naturhistorisches Museum der Benediktiner-Abtei
NMBE Switzerland, Bern, Naturhistorische Museums
NMBS see NMBE
NMBZ Zimbabwe, Bulawayo, Natural History Museum of Zimbabwe
NMCE see CMNC
NMCL Germany, Coburg, Naturkunde-Museum
NMDC N. M. Downie
NMEG Germany,Erfurt, Naturkundesmuseum
NMID Ireland, Dublin, National Museum of Ireland
NMK see NMKE
NMKE Kenya, Nairobi, National Museum of Kenya
NMKL Malaysia, Kuala Lumpur, National Museum
NMLS Switzerland, Luzern, Natur-Museum Luzern
NMND India, Haryana, New Delhi, National Museum of Natural History
NMNH see USNM
NMNK Nepal, Kathmandu, Chlauni, National Museum of Nepal
NMNS Taiwan [Republic of China], Taichung, National Museum of Natural Science
NMNW Namibia, Windhoek, National Museum of Namibia
NMNZ see MONZ
NMP see NMPC
NMPC Czech Republic, Prague, National Museum (Natural History)
NMPG Germany, Gotha, Museum der Natur-Gotha
NMPI USA, New Mexico, Las Cruces, Division of Plant Industry
NMS see NMSC
NMSA South Africa, Kwa-Zulu Natal, Pietermaritzburg, Natal Museum
NMSC see ZRC
NMSE see RMSE
NMSU USA, New Mexico, Las Cruces, New Mexico State University
NMTC see NMNS
NMTT Trinidad and Tobago, Port-of-Spain, National Museum and Art Gallery
NMVM see MVMA
NMW Austria, Wien, Naturhistorisches Museum Wien
NMWC United Kingdom, Cardiff, National Museum of Wales
NNKN Netherlands, Tilburg, Noordbrabants Natuurmuseum
NRBC N. Rae Brown and Sandra L. Brown
NREA see NHRS
NRNZ New Zealand, Whangarei, Northland Regional Museum
NRS see NHRS
NRSS see NHRS
NSAC Canada, Nova Scotia, Nova Scotia Agricultural College, A.D. Picket Entomological Museum and Research Laboratory
NSCH Nathan Schiff
NSMC Canada, Nova Scotia, Halifax, Nova Scotia Museum
NSMC see NVMC
NSMH see NSMC
NSMK Korea, Seoul, National Science Museum
NSMT Japan, Tokyo, National Science Museum (Natural History)
NSNR Canada, Nova Scotia, Shubenacadie, Nova Scotia Department of Natural Resources
NSPM Canada, Nova Scotia, Halifax, Nova Scotia Museum
NSWA see ASCU
NTU see NTUC
NTUC Taiwan [Republic of China], Taipei, National Taiwan University
NVDA USA, Nevada, Reno, Nevada State Department of Agriculture
NVMC USA, Nevada, Carson City, Nevada State Museum
NVRL Latvia, Riga, Naturforschende Verein in Riga
NVRW Germany, Bonn, Naturhistorisches Verein der Preussische Rheinland und Westfaelens
NWAU China, Shaanxi, Yanglingzhen, North-West Agricultural University
NYBG USA, New York, Brooklyn, New York Botanical Garden
NYSM USA, New York, Albany, New York State Museum
NZAC New Zealand, Auckland, Landcare Research, New Zealand Arthropod Collection
NZCS Suriname, Paramaraibo, University, National Zoological Collection of Suriname
NZSI India, West Bengal, Calcutta, Zoological Survey of India, National Zoological Collection
OAMB Benin, Parakou, Open Air Museum of Ethnography and Natural Sciences
OCOA see OLDS
ODAC USA, Oregon, Salem, Oregon Department of Agriculture
OGAS Gary Shook
OHBR Canada, Ontario, Toronto, Ontario Hydro
OHSC USA, Ohio, Columbus, Ohio Historical Society
OKS see OSEC
OLAN Honduras, Juticalpa, Ministerio de Recursos Naturales
OLDS Canada, Alberta, Olds, Olds College
OLML Austria, Linz, Oberoesterreichisches Landesmuseum
OMNO USA, Oklahoma, Norman, University of Oklahoma, Oklahoma Museum of Natural History
OMNH Japan, Osaka, Osaka Museum of Natural History
OMNZ New Zealand, Dunedin, Otago Museum
OMPB Italy, Bologna, Osservatorio per le Malattie delle Piante per la Regione Emilia-Romagna
OMPG Italy, Genova, Osservatorio per le Malattie delle Piante per le Province di Genova e La Spezia
OMPS Italy, Cagliari, Osservatorio per le Malattie delle Piante per la Sardegna
ONNC New Caledonia, Noumea, Office de la Recherche Scientifique et Technique d'Outre-Mer
ONPC USA, Washington, Port Angeles, Olympic National Park
ORSC Guiana, Cayenne, Office de la Recherche Scientifique et Technique d'Outre-Mer
ORST France, Bondy, Office de la Recherche Scientifique et Technique d'Outre-Mer
OSAC USA, Oregon, Corvallis, Oregon State University
OSAL USA, Ohio, Columbus, Ohio State University Acarology Laboratory
OSEC USA, Oklahoma, Stillwater, Oklahoma State University, K.C Emerson Museum
OSMH see OHSC
OSU USA, Ohio, Columbus, Ohio State University
OSUC see OSU
OSUO see OSAC
OSUW USA< Wooster, Ohio State University, OARDC
OTSC Costa Rica, San Jose, Universidad de Costa Rica, Organization for Tropical Studies
OUMNH United Kingdom, Oxford, University Museum of Natural History
OXUM see OUMNH
PADA USA, Pennsylvania, Harrisburg, Pennsylvania Department of Agriculture
PANZ see PPCC
PAUP India, Punjab, Ladhiane, Punjab Agricultural University
PBC P. Beraud
PBZT Madagascar, Antananarivo, Parc Botanique et Zoologique de Tsimbazaza
PCNZ New Zealand, Lincoln, Ministry of Agriculture and Fisheries, Lincoln Plant Health Station
PCSC Paul C. Schroeder
PDMC Paul DuMerle
PEBC Paul E. Blom
PEJS Pablo E. Jordan-Soto
PESC Paul E. Slabaugh 
PFCA Canada, British Columbia, Victoria, Canadian Forest Service, Pacific Forestry Centre Arthropod Reference Collection
PFRA Canada, Saskatchewan, Indian Head, Tree Nursery
PFRS see PFCA
PHAC Peter H. Adler
PHCC Paul H. Carlson
PIKN see KRSF
PIME see OSUC
PINN USA, California, Paicines, Pinnacles National Monument
PJJC Paul J. Johnson
PJLC Peter J. Landolt
PLFV Liechtenstein, Vaduz, Principality of Liechtenstein
PMAE Canada, Alberta, Edmonton, Royal Alberta Museum
PMAG United Kingdom, Perth, Perth Museum and Art Gallery
PMAU United Kingdom, Priestgate, Peterborough Museum and Art Gallery
PMFP French Polynesia, Tahiti, Papeete, Papeete Museum
PMHU Germany, Berlin, Humboldt-Universitaet, Palaeontologisches Museum
PMIG Germany, Jena, Phyletisches Museum
PMNH USA, Connecticut, New Haven, Yale University, Peabody Museum of Natural History
PMSL Slovenia, Ljubljana, Slovenian Museum of Natural History
PMV see BCPM
PMY see PMNH
PNPC USA, Oklahoma, Sulphur, Chickasaw National Recreational Area [formerly Platt National Park]
POHL Greg R. Pohl
PPCC New Zealand, Auckland, Lynfield Agricultural, Plant Protection Centre Collection
PPCD USA, West Virginia, Charlestown, West Virginia Department of Agriculture
PPDD Egypt, Cairo, Ministry of Agriculture
PPNP Canada, Ontario, Leamington, Point Pelee National Park
PPRI South Africa, Gauteng, Pretoria, Plant Protection Research Institute
PPRZ Zimbabwe, Harare, Causeway, Plant Protection Research Institute
PRHC Parker R. Henry
PRIH USA, Hawaii, Honolulu, Pineapple Research Institute, see BPBM
PSAE Canada, Alberta, Vegreville, Alberta Environmental Centre
PSPC Paul Speiser [deceased] (collection destroyed in WWII)
PSUC USA, Pennsylvania, University Park, Pennsylvania State University, Frost Entomological Museum
PUCP India, Punjab, Chandigarh, Punjab University
PUL see PURC
PUPB Bulgaria, Plovdiv, Plovdiv University, Department of Zoology
PURC USA, Indiana, West Lafayette, Purdue University
PUSA see INPC
PVGH Pedro Vidal G.H.
QBUM see MNRJ
QCAZ Ecuador, Quito, Pontificia Universidad Catolica del Ecuador, Catholic Zoology Museum
QDPC Australia, Queensland, Indooroopilly, Queensland Department of Primary Industries
QDPI see QDPC
QFMQ South Africa, Cape Province, Queenstown, Queenstown Museum
QIBX China, Qinghai, Xining, Qinghai Institute of Biology
QM Australia, Queensland, South Brisbane, Queensland Museum
QMB see QM
QMBA see QM
QMOR Canada, Quebec, Montreal, University of Montreal, Collection Entomologique Ouellet-Robert
QPIM Australia, Queensland, Mareeba, Department of Primary Industries
QSBG Thailand, Chaing Mai, Queen Sirikit Botanic Garden
QVMAG Australia, Tasmania, Launceston, Queen Victoria Museum and Art Gallery
RABC Robert A. Belmont
RACC Richard A. Cunningham
RARS Canada, Saskatchewan, Regina, Regina Research Station
RBCM Canada, British Columbia, Victoria, Royal British Columbia Museum [British Columbia Provincial Museum]
RBCN Ron Beenen
RBDC Robert Dressler
RBNC see RBCN
RBSC Richard B. Selander, see FSCA
RCDM R. C. de Mordaigle
RCGC Robert C. Graves
RCMC Robert C. Mower
RCWC Richard C. Wilkerson
RDGC Robert D. Gordon 
RDIC Robert Dirig
RDLC Robert D. Lehman
RDWC Robert D. Ward
REAC Robert E. Acciavatti
REDM UK, Reading, Reading Museum and Archive Service
RELC R. E. Lewis
RESC Ronald E. Somerby 
REWC Robert E. Woodruff
RFAC Canada, Riveredge Foundation, see PMAE
RFCC Richard Freitag
RFSC Rebecca F. Surdick
RGBC Robert G. Beard [deceased], see CUIC
RGIC Richard Griffin
RHMP Ronald H. McPeak
RHTC Robert H. Turnbow
RKIC Ronald Konopka
RLAC Rolf L. Aalbu
RLBC Richard Lee Berry
RLCA Rudolph Lenczy [deceased], see USNM
RLHC Roger L. Heitzman
RLHI Ronald L. Huber
RLIC Ron Leuschner
RLIE Rudolph Lenezy [deceased], see USNM
RLJC Richard L. Jacques, Jr. [deceased], see FSCA
RLPC Richard L. Penrose
RLWC Richard L. Watson 
RLWE Richard L. Westcott
RMBB R. M. Baranowski
RMBC R. Michael Brattain
RMCA Belgium, Tervuren, Musee Royal de l'Afrique Centrale
RMHK see KMVC
RMNH Netherlands, Leiden, Nationaal Natuurhistorische Museum ("Naturalis") [formerly Rijksmuseum van Natuurlijke Historie]
RMSC USA, Colorado, Fort Collins, Rocky Mountain Forest and Range Experiment Station
RMSE see ESUW
RMYC Ronald M. Young 
ROKC Roy O. Kendall
ROME Canada, Ontario, Toronto, Royal Ontario Museum
RPSP Brazil, Sao Paulo, Ribeirao Preto, Universidade de Sao Paulo
RRHC Ronald R. Hooper
RSAN Robert S. Anderson
RSCC Robert Silberglied [deceased]
RSME United Kingdom, Edinburgh, National Museums of Scotland
RTAC Richard T. Arbogast
RTAS R. T. A. Schouten
RTHC Rainer Thiele
RUDZ South Africa, Grahamstown, Rhodes University
RUIC USA, New Jersey, New Brunswick, Rutgers, the State University
RUNB see RUIC
RWBC Richard W. Boscoe
RWC Reginald Webster
RWCJ Robert William Cavanaugh, Jr.
RWEC see RWGC
RWFC R. Willis Flowers
RWGC Rosser W. Garrison
RWHC Robert W. Hamilton
RWHI R. W. Hornabrook
RWSC Robert W. Surdick
SACA China, Sichuan, Chongqing, South-west Agricultural University
SACC USA, Iowa, Davenport, St. Ambrose College
SACS China, Liaoning, Shenyang, Shenyang Agricultural College
SADA see WARI
SAFC Sergio Augusto Fragoso
SAIM South Africa, Johannesburg, South African Institute for Medical Research
SAM Australia, South Australia, Adelaide, South Australian Museum
SAMA see SAM
SAMC South Africa, Cape Town, Iziko Museum of Capetown (formerly South African Museum)
SAMR see SAIM
SANC South Africa, Pretoria, South African National Collection of Insects
SARD see WARI
SBKA Austria, Kremsmunster, Stiftssammlungen des Benediktinerstiftskrems-Munster
SBMN USA, California, Santa Barbara, Santa Barbara Museum of Natural History
SCAC China, Guangdong, Guangzhou, South China Agricultural College
SCDH USA, South Carolina, Columbia, South Carolina Department of Health and Environmental Control
SCSC USA, Minnesota, St. Cloud, Saint Cloud State University
SCSM USA, South Carolina, Columbia, South Carolina State Museum
SCUF Brazil, Santa Catarina, Florianopolis, Universidade Federal de Santa Catarina
SCUT see MRSN
SDMC USA, California, San Diego, San Diego Natural History Museum
SDSU USA, South Dakota, Brookings, South Dakota State University, Severin-McDaniel Insect Collection
SEAC Mexico, Chihuahua, Chihauhua, Estacion Experimental de Agricolas de la Campara
SEAN Nicaragua, Leon, Servicio Entomologico Autonomo, Museo Entomologico
SECM Mali, Male, Science Education Center
SEIG Italy, Genova, Societa Entomologica Italiana
SEMC USA, Kansas, Lawrence, University of Kansas, Snow Entomological Museum
SEMM Central African Republic, Station Experimental de la Maboke
SFAC USA, Texas, Nacogdoches, Stephen F. Austin State University
SFDK Malaysia, Sarawak, Kuching, Sarawak Forestry Department
SFUC Canada, British Columbia, Burnaby, Simon Fraser University
SFVS USA, California, Northridge, San Fernando Valley State University
SGLC Sean G. Larsson
SGWC Stanley G. Wellso
SIAC China, Sichuan, Chengdu, Sichuan Institute of Agriculture
SIIS USA, New York, Staten Island, Staten Island Institute of Arts and Sciences
SIUC USA, Illinois, Carbondale, Southern Illinois University, Research Museum of Zoology
SIZK Ukraine, Kiev, Schmaulhausen Institute of Zoology
SJAC USA, California, Stockton, San Joaquin County Agriculture Commissioner
SJCA India, Uttar Pradesh, Agra, St. John's College
SJPC Sergei J. Paramonov personal collection -- destroyed
SJSC USA, California, San Jose, San Jose State University, J. Gordon Edwards Museum of Entomology
SLJG Austria, Graz, Steiermaerkisches Landesmuseum Joanneum
SLSC USA, Missouri, St. Louis, St. Louis Science Center
SLUB Philippines, Baguio City, St. Louis University Museum
SLWC Stephen L. Wood - see BYU
SMCC Scott McCleve
SMCI Sharon M. Clark
SMDV see UBCZ
SMEK see SMEC
SMF Germany, Frankfurt-am-Main, Forschungsinstitut und Naturmuseum Senckenberg
SMFD see SMF
SMIJ see IJSM
SMJM Malaysia, Kota Kinabalu, Sabah Museum
SMKM Malaysia, Kuala Lumpur, Selangor Museum
SMMC China, Shanghai, Shanghai, Second Military Medical College
SMNG Germany, Goerlitz, Staatliches Museum fuer Naturkunde
SMNH Canada, Saskatchewan, Regina, Royal Saskatchewan Museum
SMNK Germany, Karlsruhe, Staatliches Museum fuer Naturkunde Karlsruhe
SMNS Germany, Stuttgart, Staatliches Museum fuer Naturkunde
SMO see SMOC
SMOC Czech Republic, Opava, Slezske Muzeum Opava
SMPM USA, Minnesota, St. Paul, Science Museum of Minnesota
SMS see SMSM
SMSH see OMNO
SMSM Malaysia, Sarawak, Kuching, Sarawak Museum
SMTD see MTD
SMU Canada, Nova Scotia, Halifax, St. Mary's University
SMVM Seychelles, Mahe, Union Vale, National Archives and Museum
SMW see MWNH
SMWN see NMNW
SNHB see SNMB
SNMB Germany, Braunschweig, Staatliches Naturhistorisches Museum
SNMB see SNMC
SNMC Slovak Republic, Bratislava, Slovenske Narodne Muzeum
SNMG Poland, Danzig [=Gdansk], Staatliches Museum fuer Naturkunde
SNSC Sam Norris
SNUC China, Shanghai, Shanghai Normal University, Department of Biology, insect Collection
SOFM Bulgaria, Sofia, National Museum of Natural History
SOIC Oman, Muscat, Natural History Museum, National Insect Collection
SPIC Steven Passoa
SRGI Sergio Riese
SRNP USA, Pennsylvania, Philadelphia, University of Pennsylvania, Insects of the Area de Conservacion Guanacaste (ACG), northwestern Costa Rica
SRSC USA, Texas, Alpine, Sul Ross State College
SRTC Stephan R. Treadway
SSMS Suriname, Paramaribo, Suriname State Museum
SSNR Italy, Cesena, Societa per GL Studi Naturalistica della Romagna
STFX Canada, Nova Scotia, Antigonish, St. Francis Xavier University
STMC India, West Bengal, Calcutta, School of Tropical Medicine
STRI Panama, Balboa, (via USA, Florida, Miami), Smithsonian Tropical Research Institute
SUEL Hungary, Zirc, Natural History Museum of Bakony Mountains
SVAM USA, Pennsylvania, Latrobe, St. Vincent Archabbey Museum [transferred to several collections, see especially CMNH].
SVVC Italy, Vicenza, Seminario Vescovile
SWDC Sidney W. Dunkle
SWGC Scott W. Gross
SWRS USA, Arizona, Portal, Southwestern Research Station
SZIC Seymour Ziff
SZMN Russia, Novosibirsk, Institute of Animal Systematics and Ecology, Siberian Zoological Museum
TAIU USA, Texas, Kingsville, Texas A & I University
TAMU USA, Texas, College Station, Texas A & M University
TARI Taiwan [Republic of China], Taichung, Taiwan Agricultural Research Institute
TAU Israel, Tel Aviv, Tel Aviv University
TAUI see TAU
TCBC Thomas C. Barr, Jr. 
TCCC Tomislav Curkovic S.
TCDU Uganda, Kampala, Ministry of Animal Industry and Fisheries
TCMC Ted C. MacRae
TDAH Australia, Tasmania, Hobart, Tasmanian Department of Agriculture
TDMP Bhutan, Paro, Ta-Dzong Museum
TDPC Jean Timon-David [deceased]
TEDC Thomas E. Dimock
TESC USA, Washington, Olympia, The Evergreen State College
TFCC Thomas Fichet
TFIC Australia, tasmania, Hobart, Forestry Tasmania, Tasmanian Forest Insect Collection
TFRI Taiwan [Republic of China], Taipei, Taiwan Forestry Research Institute
TGZC Thomas G. Zoebisch
THAC Thomas H. Atkinson
THBC Czech Republic, Brno, Technische Hochschule
THDC Thomas H. Davies
TIMJ Japan, Niigata, Tainai Insect Museum
TJAC Thomas J. Allen
TLEC Terry L. Erwin see USNM
TLHR Germany, Rudolstadt, Thueringer Landesmuseum Heidecksburg
TLMF Austria, Innsbruck, Tiroler Landesmuseum Ferdinandeum
TLMI see TLMF
TMAG Australia, Tasmania, Hobart, Tasmanian Museum & Art Gallery
TMB see SUEL
TMDU Japan, Tokyo, Tokyo Medical and Dental University
TMHN Netherlands, Haarlem, Teyler Museum
TMMC USA, Texas, Austin, Texas Memorial Museum
TMNH China, Tianjin, Tianjin, Tianjin Museum of Natural History
TMNJ Thomas N. Neal, Jr.
TMP see TMTC
TMSA South Africa, Gauteng, Pretoria, Transvaal Museum
TMT see TMTC
TMTC Taiwan [Republic of China], Taipei, Taiwan Provincial Museum
TNAU India, Tamil Nadu, Coimbatore, Tamil Nadu Agricultural University
TNSC Thierry Neef de Sainval
TOTC T. O. Thatcher 
TPMR Tomas P. Moore R.
TPNG Papua New Guinea, Boroko, Department of Primary Industry
TTCC USA, Texas, Lubbock, Texas Tech University
TTRS USA, Florida, Tallahassee, Tall Timbers Research Station
TTUL see TTCC
TULE Japan, Tokyo, Tokyo University of Agriculture & Technology
TUPH Iran, Tehran, Institute of Public Health Research
TUTC Taiwan [Republic of China], Taichung, Tunghai University
TUZ Estonia, Tartu, University of Tartu, Natural History Museum
TWDC Thomas W. Donnelly
TWTC Terry W. Taylor
UAAM USA, Arkansas, Fayetteville, University of Arkansas, Department of Entomology, The Arthropod Museum
UABD USA, Alabama, Tuscaloosa, University of Alabama
UACC Mexico, Chapingo, Division de Ciencias Forestales, Univeridad Autonoma de Chapingo
UADE see UAAM
UAEH Mexico, Hidalgo, Pachuca, Universidad Autonoma de Estado Hidalgo
UAEM Mexico, Cuernavaca, Univeridad Autonoma de Morelos
UAE see UASM
UAF see UADE
UAIC USA, Arizona, Tucson, University of Arizona
UAM USA, Alaska, Fairbanks, University of Alaska Museum, Entomology Collection
UAMM Venezuela, Merida, Universidad de los Andes
UANH USA, Alabama, Tuscaloosa, Alabama Museum of Natural History see UABD
UANL Mexico, Linares, Facultad de Ciencias Forestales, Universidad Autonoma Nuevo Leon
UAQM Mexico, Queretaro, Queretaro, Universidad Autonoma de Queretaro
UASB India, Bangalore, Karnataka, University of Agricultural Sciences
UASC Bolivia, Santa Cruz de la Sierra, Museo de Historia Natural "Noel Kempff Mercado"
UASK Ukraine, Kiev, Ukrainian Academy of Science
UASM Canada, Alberta, Edmonton, University of Alberta, E.H. Strickland Entomological Museum
UAT see UAIC
UBCZ Canada, British Columbia, Vancouver, University of British Columbia, Spencer Museum
UCB see EMEC
UCCB see CBU
UCCC Chile, Concepcion, Universidad de Concepcion, Museo de Zoologia
UCD see UCDC
UCDC USA, California, Davis, University of California, R.M. Bohart Museum of Entomology
UCEC see UCMC
UCFC USA, Florida, Orlando, University of Central Florida
UCGC USA, Colorado, Boulder, University of Colorado, Geological Museum
UCLA USA, California, Los Angeles, University of California
UCM see UCMC
UCMC USA, Colorado, Boulder, University of Colorado Museum
UCME Spain, Madrid, Universidad Complutense, Faculdad de Biologia, Departamento de Zoologia
UCMS USA, Connecticut, Storrs, University of Connecticut
UCNZ New Zealand, Christchurch, University of Canterbury
UCOB see MJMO
UCPC Colombia, Popayan, Universidad del Cauca
UCR USA, California, Riverside, University of California
UCRC see UCR
UCS see UCMS
UCSE see UCMS
UCV see UCMS
UCVC Chile, Valparaiso, Universidad Catolica de Valparaiso
UCVM see MIZA
UDAF USA, Utah, Salt Lake City, Utah Department of Agriculture and Food
UDCC USA, Delaware, Newark, University of Delaware
UDN see UDCC
UDSM Tanzania, Dar es Salaam, University of Dar es Salaam
UEAF see LEMT
UES see UESS
UESS El Salvador, San Salvador, Universidad de El Salvador
UFBI Italy, Firenze, Universita di Firenze-- see MZUF
UFES Brazil, Universidade Federal do Espirito Santo, Departamento de Biologia, Colecao Entomologica
UFMI Brazil, Mato Grosso, Cuiaba, Universidade Federal de Mato Grosso, Instituto de Biociencias
UFNH USA, Utah, Utah Field House Natural History [address unknown]
UFPC see DCMP
UFRG Brazil, Rio Grande do Sul, Porto Alegre, Universidade Federal do Rio Grande do Sul, Instituto de Biologia
UFVB Brazil, Minas Gerais, Vicosa, Universidade Federal de Vicosa, Museum of Entomology
UGA see UGCA
UGCA USA, Georgia, Athens, University of Georgia
UGGE Ecuador, Guayaquil, Universidad de Guayaquil
UGG see UGGG
UGGG Guyana, Georgetown, University of Guyana
UGZM see CZUG
UHM USA, Hawaii, Honolulu, University of Hawaii, Manoa, College of Tropical Agriculture, Department of Entomology
UHPC Uwe Heinig
UICM see WFBM
UIM see WFBM
UJIM Jordan, Amman, University of Jordan Insect Museum
UKKY China, Yunan, Kunming, University of Kunming
UKM Malaysia, Selangor, Bangi, Universiti Kebangsaan
UKMS Sudan, Khartoum, University of Khartoum, Sudan Natural History Museum
ULCI Spain, Canary Islands, Universidad de la Laguna
ULKY USA, Kentucky, Louisville, University of Louisville
ULMG Germany, Leipzig, University of Leipzig
ULQC Canada, Quebec, University of Laval
UMA see UMEC
UMAA see UMMZ
UMB Germany, Bremen, Uebersee-Museum
UMBB see UMB
UMC see UMRM
UMCE Chile, Santiago, Universidad Metropolitana de Ciencias de la Educacion
UMCP see UMDC
UMDC USA, Maryland, College Park, University of Maryland
UMDE USA, Maine, Orono, University of Maine
UMEC USA, Massachusetts, Amherst, University of Massachusetts
UMED Kenya, El Doret, University of Moi
UMIC USA, Mississippi, University, University of Mississippi
UMKU Uganda, Kampala, Uganda Museum
UMMZ USA, Michigan, Ann Arbor, University of Michigan, Museum of Zoology
UMNB Canada, New Brunswick, Moncton, Universite de Moncton
UMNH USA, Utah, Salt Lake City, University of Utah, Utah Museum of Natural History
UMO see OUMNH
UMRM USA, Missouri, Columbia, University of Missouri, W.R. Enns Entomology Museum
UMSA Bolivia, La Paz, Universidad Mayor de San Andres, Instituto de Ecologia
UMSP USA, Minnesota, St. Paul, University of Minnesota
UNAB Colombia, Bogota, Universidad Nacional, Facultad de Agronomia
UNAC Nicaragua, Managua, Universidad Nacional Agraria
UNAD Peru, Lima, Universidad Nacional Agraria
UNAM Mexico, Mexico D.F., Universidad Nacional Autonoma de Mexico
UNAN Nicaragua, Leon, Universidad Nacional Autonoma de Nicaragua
UNCB see ICN
UNCC Colombia, Manizales, Universidad Nacional de Caldas, Museo de Historia Natural
UNCM Colombia, Medellin, Museo de Entomologia "Francisco Luis Gallego"
UNCP Colombia, Palmira, Universidad Nacional de Colombia
UND see NDSU
UNH see DENH
UNL see UNSM
UNLO Venezuela, Portuguera, Guanare, Universidad Nacional Experimental de los Llanos Occidental
UNMC USA, New Mexico, Albuquerque, University of New Mexico
UNNF France, Nancy, Universite de Nancy
UNPC see USDA
UNSA South Africa, Natal, Pietermaritzburg, University of Natal
UNSA see UNSP
UNSM USA, Nebraska, Lincoln, University of Nebraska State Museum
UOKN see OMNH
UOIC USA, Oregon, Eugene, University of Oregon
UOP see UOPJ
UOPJ Japan, Osaka, Sakai, Osaka Prefecture University
UPEI Canada, Prince Edward Island, Chrlottetown, University of Prince Edward Island
UPEM see UPPC
UPNG Papua New Guinea, Port Moresby, University of Papua New Guinea
UPP see UPPC
UPPC Philippines, Laguna, University of the Philippines
UPRG Peru, Lambayeque, Universidad Nacional "Pedro Ruiz Gallo"
UPRM see EPRL
UPSA South Africa, Pretoria, University of Pretoria
UQBA see UQIC
UQ see UQIC
UQIC Australia, Queensland, St. Lucia, University of Queensland
URI see URIC
URIC USA, Rhode Island, Kingston, University of Rhode Island
URM see URMU
URMU Uruguay, Montevideo, Museo Nacional de Historia Natural
USAC Australia, Western Australia, Perth, University of Western Australia
USCC USA, Colorado, Pueblo, University of Southern Colorado
USCP Philippines, Cebu City, University of San Carlos
USDA USA, Maryland, Beltsville, United States Department of Agriculture
USNM USA, Washington D.C., National Museum of Natural History, [formerly, United States National Museum]
USS see MAMU
USTF Suriname, Paramaribo, University of Suriname, Technologische Faculteit
USTK Ghana, Kumasi, University of Science and Technology, Museum of Natural History
USUC see CSUC
USUL see EMUS
USWL see LSUC
UTH Australia, Tasmania, Hobart, University of Tasmania
UTKI Iran, Karadj, University of Teheran
UTR Russia, Tomsk, University of Tomsk
UUZM Sweden, Uppsala, Uppsala University
UVCC USA, Vermont, Burlington, University of Vermont
UVCE Brazil, Espirito Santo, Universidade de Vila Velha, Colecao Entomologica, Laboratorio de Entomologia Sistematica
UVCO Colombia, Cali, Universidad de Valle
UVG see UVGC
UVGC Guatemala, Guatemala City, Universidad del Valle de Guatemala, Collecion de Artropodos
UWBM USA, Washington, Seattle, University of Washington, Burke Museum
UWCP Poland, Wroclaw, University of Wroclaw
UWEM see IRCW
UWI see UWIJ
UWIC Trinadad and Tobago, St. Augustine, University of the West Indies
UWIJ Jamaica, Kingston, University of the West Indies
UWOC Canada, Ontario, London, University of Western Ontario
UWEM see IRCW
UWM see IRCW
UYIC Uruguay, Montevideo, Instituto de Biologia
UZIL see MZLU
UZIU see UUZM
UZM see UZMC
UZMC Venezuela, Maracaibo, Universidad del Zulia
UZMC see MZLU
UZMD see MZLU
UZMH see MZHF
VABL Vernon A. Brou
VDAC USA, Virginia, Richmond, Virginia Department of Agriculture and Consumer Services
VDAM Australia, Victoria, Burnley, Victoria Department of Food & Agriculture, Institute of Plant Science
VDRC Vincent D. Roth [deceased]
VICH Vietnam, Hanoi, Plant Protection Department
VMKC Vernon M. Kirk
VMNH USA, Virginia, Martinsville, Virginia Museum of Natural History
VNGA Austria, Dornbirn, Vorarlberger Naturschau
VOBC Vitor O. Becker
VPI see VPIC
VPIC USA, Virginia, Blacksburg, Virginia Polytechnic Institute and State University
VPKC V. P. Karasjov
VPU Latvia, Vilnius Pedagogical University, Department of Zoology
VRBC Vratislav Richard Bejsak
VSCA Philippines, Leyte, Baybay, Visayas State College of Agriculture
VSPC Voldemars Spungis
VSRI Russia, St. Petersburg, N.I. Vavilov All-Russian Scientific Research Instiutte of Plant Industry
VSRM Valerio Sbordoni
VUWE New Zealand, Wellington, Victoria University
WACA USA< Oregon, Ashland, Work Amber Collection
WACC Walter A. Connell
WADA Australia, Western Australia, South Perth, Agriculture Western Australia, Western Australia Insect Collection
WAM Australia, Western Australia, Perth, Western Australian Museum
WAMP see WAM
WARI see WINC
WARS Kenya, Nairobi, Wildlife Advisory and Research Service
WBMC William B. Muchmore
WBWC William B. Warner
WEIC Papua New Guinea, Wau, Wau Ecology Institute
WETA see FCNZ
WFBC William F. Barr
WFBM USA, Idaho, Moscow, University of Idaho, W.F. Barr Entomological Collection
WHCC William H. Clark
WHNC Willard H. Nutting [deceased]
WHTC W. H. Tyson
WIBF USA, Montana, Montana State Univeristy, Department of Entomology, West Indian Beetle Fauna Project Collection
WIBG St. Lucia, Castries, Windward Islands Banana Grower's Association
WINC Australia, South Australia, Glen Osmond, Adelaide University, Waite Campus, Waite Insect & Nematode Collection
WIUC USA, Illinois, Macomb, Western Illinois University
WML UK, Liverpool, World Museum Liverpool
WPEC William Peters
WPNH No collection, deleted
WRCC William C. Rosenberg [deceased], see FSCA and USNM
WRSC Walter R. Suter 
WSCC Wilfred S. Craig 
WSU USA, Washington, Pullman, Washington State University, Maurice T. James Entomological Collection
WSUC see WSU
WTSC William T. Schultz
WVUC USA, West Virginia, Morgantown, West Virginia University
WWSP USA, North Carolina, Southern Pines, Weymouth Woods Sandhills Nature Preserve
WYWC W. Y. Watson 
YEUX P. E. Hallett
YMUK United Kingdom, York, The Yorkshire Museum
YPMC USA, Wyoming, Yellowstone Park, Yellowstone National Park
ZAUC China, Zhejian, Hangzhou, Zhejian Agricultural University
ZBMM India, Kerala, Ernakulam, Maharaja's College, Zoology and Botany Museum
ZDUA see UASM
ZFCL China, Zhejiang, Linan, Zhejiang Forestry University [formerly College]
ZFMK Germany, Bonn, Zoologische Forschungsinstitut und Museum "Alexander Koenig"
ZGLC Cyprus, Limassol, Natural History Museum
ZIL see ZIN
ZILS see MZLU
ZIN Russia, St. Petersburg, Russian Academy of Sciences, Zoological Institute
ZIS see ZIN
ZISB Bulgaria, Sofia, Institute of Zoology
ZISP see ZIN
ZIUS Austria, Salzburg, Zoologisches Institute der Universitaet
ZLMU Japan, Nagoya, Meijo University
ZMAN Netherlands, Amsterdam, Universiteit van Amsterdam, Instituut voor Taxonomische Zoologie, Zoologisch Museum
ZMAS see ZIN
ZMB see ZMHB
ZMBJ Indonesia, Java, Banding, Zoological Museum
ZMH see MZHF
ZMHB Germany, Berlin, Museum fuer Naturkunde der Humboldt-Universitaet
ZMHU see ZMHB
ZMJU Poland, Krakow, Jagiellonian University, Zoological Museum
ZMK see ZMKU
ZMKD see ZMUC
ZMKR Russia, Koenigsberg, Zoologisches Museum
ZMKU Ukraine, Kiev, Zoological Museum
ZMLP Pakistan, Lahore, University of Punjab
ZMOF see ZMUO
ZMPA see MZPW
ZMS see ZMSZ
ZMSC Croatia, Split, Zoological Museum
ZMSM Macedonia, Skopje, Zoological Museum
ZMSZ Bosnia-Herzegovina, Sarajevo, Zemaljski Mujski
ZMUA Greece, Athens, University of Athens, Zoological Museum
ZMUB Norway, Bergen, University of Bergen, Zoological Museum
ZMUC Denmark, Kobenhavn [= Copenhagen], University of Copenhagen, Zoological Museum
ZMUD Bangladesh, Dhaka, University of Dhaka, Zoology Museum
ZMUH Germany, Hamburg, Universitaet von Hamburg, Zoologisches Institut und Zoologisches Museum
ZMUK Germany, Kiel, Universitaet Kiel, Zoologisches Museum
ZMUL see MZLU
ZMUM Russia, Moscow, Moscow State University
ZMUN Norway, Oslo, University of Oslo, Zoological Museum
ZMUO Finland, Oulu, Universitets Oulu, Zoologiska Muset
ZMUO see ZMUN
ZMUZ Switzerland, Zuerich, Zoologisches Museum der Universitaet
ZNPC USA, Utah, Springdale, Zion National Park
ZRC Singapore, National University of Singapore, Raffles Museum of Biodiversity Research, Zoological Reference Collection
ZRCS see ZRC
ZSBS see ZSMC
ZSCI see NZSI
ZSLC United Kingdom, London, Zoological Society of London
ZSM Germany, Muenchen [= Munich], Zoologische Staatssammlung
ZSMC see ZSM
ZUAC Madagascar, Antananarivo, University of Antananarivo
ZUDB see ICRI